{
  "_fv": 34,
  "_type": "achievement",
  "definition": {
    "achievementName": "Wild, Wilder, Wildest",
    "achievementDescription": "Open a world with WildAside",
    "achievementIcon": {
      "value": "CUSTOM:VibrionBlock"
    },
    "background": "substilium_stem_top.png",
    "disableDisplay": false,
    "showPopup": true,
    "announceToChat": true,
    "hideIfNotCompleted": false,
    "rewardLoot": [],
    "rewardRecipes": [],
    "rewardFunction": "No function",
    "rewardXP": 0,
    "achievementType": "task",
    "parent": {
      "value": "No parent: root"
    },
    "triggerxml": "<xml xmlns=\"https://developers.google.com/blockly/xml\"><block type=\"custom_trigger\" x=\"34\" y=\"34\"><next><block type=\"advancement_trigger\" deletable=\"false\"></block></next></block></xml>"
  }
}