x,y,z,type
64,-16,64,minecraft:mob_spawner
74,-52,34,minecraft:mob_spawner
78,-16,41,minecraft:mob_spawner
93,-8,6,minecraft:mob_spawner
91,1,31,minecraft:mob_spawner
-90,-25,-15,minecraft:mob_spawner
-62,-17,-111,minecraft:mob_spawner
133,42,-115,minecraft:mob_spawner
139,-17,13,minecraft:mob_spawner
-79,4,-123,minecraft:mob_spawner
-122,-41,132,minecraft:mob_spawner
105,-30,-136,minecraft:mob_spawner
-64,-45,149,minecraft:mob_spawner
48,-43,164,minecraft:mob_spawner
33,-42,164,minecraft:mob_spawner
170,68,122,minecraft:bell
-124,-43,172,minecraft:mob_spawner
38,31,-156,minecraft:mob_spawner
-160,-49,141,minecraft:mob_spawner
-156,-49,162,minecraft:mob_spawner
96,-45,183,minecraft:mob_spawner
7,3,-168,minecraft:mob_spawner
177,-38,-102,minecraft:mob_spawner
-17,-4,-186,minecraft:mob_spawner
204,-27,109,minecraft:mob_spawner
197,70,68,minecraft:smoker
-185,-46,-207,minecraft:mob_spawner
95,-26,-197,minecraft:mob_spawner
-209,34,-62,minecraft:mob_spawner
-218,-4,196,minecraft:mob_spawner
-165,-45,215,minecraft:mob_spawner
-143,-44,211,minecraft:mob_spawner
-169,71,-225,minecraft:bell
114,23,-228,minecraft:mob_spawner
-214,1,-230,minecraft:mob_spawner
249,-6,120,minecraft:mob_spawner
241,-3,-224,minecraft:mob_spawner
-271,22,-77,minecraft:mob_spawner
-258,-31,-233,minecraft:mob_spawner
33,-31,-301,minecraft:mob_spawner
247,-1,-269,minecraft:mob_spawner
331,68,131,minecraft:beehive
340,-52,130,minecraft:mob_spawner
374,-43,156,minecraft:mob_spawner
