x,y,z,uuid,type,alive,display_name,custom_name
-17.101854270416393,71.0,17.842783346002296,8ff404dc-6bb9-4773-a50c-8a660555d82a,minecraft:horse,true,Horse,[null]
-15.461380927783445,74.0,6.461507385243709,dc6872ef-3971-467b-adb6-f2485233903b,minecraft:horse,true,Horse,[null]
-47.39999997615814,68.0,56.0,062f4a29-6302-4cd4-a8c2-8be13aec9b18,minecraft:wolf,true,Wolf,[null]
-37.327309660707506,69.0,48.49937870872307,8314f85f-e5b9-40e1-9fcb-0817ea4b5774,minecraft:wolf,true,Wolf,[null]
-48.595059634416536,67.0,61.59319522930464,63b12423-eac3-4bd8-8113-b5a695d2628b,minecraft:wolf,true,Wolf,[null]
72.5,-6.9375,3.5,2147975b-7299-4a2d-a613-9d3b4df1f10f,minecraft:chest_minecart,true,Minecart with Chest,[null]
-34.170082350852695,71.0,-44.14490235003254,105fa98f-2de5-42f5-9e62-9845b0f64a05,minecraft:horse,true,Horse,[null]
81.96536100152949,64.0,9.260950901210926,ebb3d6a1-cf83-454a-ac71-1d8fa98ab5dd,minecraft:cow,true,Cow,[null]
73.61731767492913,64.0,15.532278791764153,4827a44b-12b1-44ab-af8e-3faed3ef3208,minecraft:cow,true,Cow,[null]
78.26758330161093,64.0,11.966875316609048,3feeb096-abf4-4912-88b8-7fa05247d5f0,minecraft:cow,true,Cow,[null]
93.5,-15.9375,37.5,d4c8d76c-d87e-45ea-9109-3b7591bc0914,minecraft:chest_minecart,true,Minecart with Chest,[null]
80.5,-4.9375,37.5,d273fe82-2b22-4add-a795-de1269ef436a,minecraft:chest_minecart,true,Minecart with Chest,[null]
-29.55000001192093,63.0,-77.44999998807907,f62bfa0a-f264-4a83-80ee-2f1299389f4e,minecraft:cow,true,Cow,[null]
-17.42460128523061,64.0,-70.42463123145862,d8a61d03-bf0e-4772-9002-cba9b3c19916,minecraft:cow,true,Cow,[null]
96.5,4.0625,5.5,155bdef5-c6e1-4a5c-b233-de9b7bf73f25,minecraft:chest_minecart,true,Minecart with Chest,[null]
113.5868181234919,65.0,12.324306190015204,68ba9e47-5efe-48fc-8db4-013ce1e5161d,minecraft:pig,true,Pig,[null]
115.6131456486129,65.0,14.267227981018912,7289854e-7892-4ebc-bbbd-372247ea9ab5,minecraft:pig,true,Pig,[null]
115.44283459043902,64.0,8.556008603931692,305acaf5-fa76-4b1e-b1af-5113dddd81eb,minecraft:pig,true,Pig,[null]
113.0,65.0,14.0,d7105fee-04a6-4291-a5d6-0d805919015c,minecraft:pig,true,Pig,[null]
131.58767181844686,68.0,35.58729942015247,e172cde4-2806-481b-a358-97d9512a80fa,minecraft:cow,true,Cow,[null]
127.0,66.0,28.0,6e6bd82d-546c-4402-baa8-576ce7792f32,minecraft:cow,true,Cow,[null]
122.57043501130238,70.0,33.62177389556463,c25c9e23-c007-4162-b2bc-856af37f579f,minecraft:cow,true,Cow,[null]
131.56770052569775,66.0,29.55000826662771,42970576-d78b-4ee5-9414-4e8b809c7585,minecraft:cow,true,Cow,[null]
1.0,64.0,120.0,950ae929-9ba0-4acd-a675-a039b6ff8f67,minecraft:pig,true,Pig,[null]
8.441091078529695,64.0,113.56103232683796,59823006-bd66-4844-b46a-701c809ba67f,minecraft:pig,true,Pig,[null]
4.645128278028294,64.0,133.6094377723555,80c69d2b-823e-4304-bd53-fed3f9bd05d9,minecraft:pig,true,Pig,[null]
9.641448623291089,65.0,125.6387593944009,9568eb86-d303-434e-abca-c9a61532db2b,minecraft:pig,true,Pig,[null]
-104.46331591711672,72.0,23.615470975831933,482110d5-aac8-44cc-b644-32429e20d0fa,minecraft:sheep,true,Sheep,[null]
-110.0,62.0,-38.0,5741c8b2-104b-4079-a2cd-92c5bc33b238,minecraft:horse,true,Horse,[null]
-37.87079503980583,66.0,-111.79999999701977,7b5aec09-5563-4e9d-a800-41048691d264,minecraft:chicken,true,Chicken,[null]
-38.10232908380818,66.0,-111.3605813558643,992bbd63-ecf0-4d78-af4f-cea3cb753b60,minecraft:chicken,true,Chicken,[null]
-44.22937638119909,66.0,-108.69025341345868,6098e0c3-5177-40ea-baa9-1db32650bf1e,minecraft:chicken,true,Chicken,[null]
-43.62380328155581,66.0,-109.84539257304976,385d81a3-a9e3-48d2-8a44-1fdb2b5e7475,minecraft:chicken,true,Chicken,[null]
-29.087787458092293,64.0,129.79202977845895,b9f85aaa-f568-4f78-a1aa-8600f70cde45,minecraft:chicken,true,Chicken,[null]
-28.338877447178994,64.0,131.11586400914467,5b0f2192-4771-4fb6-9624-a5829e76ec96,minecraft:chicken,true,Chicken,[null]
-29.474043967414268,64.0,126.99970111442536,b53c7a32-5fca-4851-8e05-184e96cba590,minecraft:chicken,true,Chicken,[null]
-31.0,64.0,132.0,a2939448-b957-42e5-86b0-42d20edd3fae,minecraft:chicken,true,Chicken,[null]
-24.0,65.0,134.0,8d2fb4ce-3642-46bd-8e3c-6e56d9e5b763,minecraft:pig,true,Pig,[null]
-26.91424852784779,64.0,130.93447592853013,1be248c3-cafb-4e65-bbc6-31aac9609026,minecraft:pig,true,Pig,[null]
-27.65953386849451,64.0,131.5825450671497,5f58bf79-56ec-46be-a640-f366e8d69445,minecraft:pig,true,Pig,[null]
-30.202291753560438,64.0,128.75021062301693,e53654e8-3bcf-40ce-9306-7906a5ade6fe,minecraft:pig,true,Pig,[null]
138.5682721956888,64.0,-64.43173274066903,d09b4983-815e-4f9e-af8b-acbd2777b7da,minecraft:cow,true,Cow,[null]
-0.5,3.0625,-116.5,205f67e0-684c-43fd-9433-12f7312783f8,minecraft:chest_minecart,true,Minecart with Chest,[null]
-106.52792976243485,64.0,148.54027074673587,89d7bb30-285a-49b2-8b52-81f3456d758a,minecraft:wolf,true,Wolf,[null]
-103.50026180117946,64.0,149.72267093345278,aa360253-debc-4dd2-a024-e533751c509d,minecraft:wolf,true,Wolf,[null]
-101.0,64.0,143.0,7f5cc3e5-505b-4792-b533-3f1aab213ab9,minecraft:wolf,true,Wolf,[null]
-99.0,64.0,142.0,e5a3a08f-2dce-44c5-bde4-e3c324247553,minecraft:wolf,true,Wolf,[null]
47.35235988214595,63.0,-112.3522668984885,f6a7ed8f-8090-4576-838f-b14f5b1a6775,minecraft:horse,true,Horse,[null]
-118.5,-40.9375,134.5,845f14be-d585-4937-9e39-d7e5a313df7b,minecraft:chest_minecart,true,Minecart with Chest,[null]
4.5,-42.9375,150.5,4b6373e6-ee01-4abd-bcb1-c184fd8513b6,minecraft:chest_minecart,true,Minecart with Chest,[null]
-28.0,66.0,162.0,322f3739-acd6-46c1-8edd-a7aadc4e4ad2,minecraft:sheep,true,Sheep,[null]
-28.0,66.0,164.0,d3f1d5e4-52f3-45cd-829c-f3e6607efb72,minecraft:sheep,true,Sheep,[null]
-27.0,66.0,164.0,701346d0-dec4-4e0c-bdd0-45cf55241171,minecraft:sheep,true,Sheep,[null]
-23.0,65.0,164.0,3144454b-34cf-42d9-b33c-48f024592141,minecraft:sheep,true,Sheep,[null]
-76.0,70.0,191.0,dd7d7117-1eb2-4856-9a7d-a40053664761,minecraft:sheep,true,Sheep,[null]
-77.0,70.0,190.0,4715e300-df82-4dde-935a-a462270cba44,minecraft:sheep,true,Sheep,[null]
-76.0,70.0,190.0,5efb0955-288a-4b9f-bc31-63d7ab39b82a,minecraft:sheep,true,Sheep,[null]
-66.0,70.0,186.0,93738ae1-6dd8-44c1-9730-233d1cb06a00,minecraft:chicken,true,Chicken,[null]
-65.0,70.0,187.0,78847b88-49d0-4088-ac9b-3775fa3329a3,minecraft:chicken,true,Chicken,[null]
-65.0,70.0,186.0,84aff2a9-6eab-4ece-935e-576c8acfcff9,minecraft:chicken,true,Chicken,[null]
-67.0,70.0,189.0,e36c2b11-60d8-4c95-8f60-eb5418493646,minecraft:chicken,true,Chicken,[null]
187.6061197762368,66.0,-3.5618829724688625,a1f227b7-aa9f-47fc-b5b4-df3106c9c730,minecraft:sheep,true,Sheep,[null]
184.0,66.0,-8.0,a49ee3c8-c95a-4bde-957c-02dc69a5d3b3,minecraft:sheep,true,Sheep,[null]
190.60476309849298,66.0,-5.439216158664612,ad59d53d-d414-4030-90e2-74223c09a136,minecraft:sheep,true,Sheep,[null]
187.60083771596334,65.0,-9.450637345447726,09cc0556-3423-4977-b73c-64bbb2acb454,minecraft:sheep,true,Sheep,[null]
144.5,-6.9375,42.5,31613d3d-0291-47e9-8265-b772b9cba065,minecraft:chest_minecart,true,Minecart with Chest,[null]
160.30000001192093,74.0,89.50406680257421,590c7780-e76f-403d-b42c-4049a2438408,minecraft:villager,true,Villager,[null]
179.63493533966152,66.0,90.55003227720314,5fdcb69c-25b2-47de-83e4-54fb745a1f29,minecraft:pig,true,Pig,[null]
167.97007451118543,72.0,96.03990153686239,bfff221b-5f71-4e40-9ce9-f1feaa0e7443,minecraft:villager,true,Villager,[null]
180.2795013809144,64.0,160.36854471010184,643683f1-cc12-4e8c-827b-65afa342b761,minecraft:villager,true,Villager,[null]
168.70458798203734,65.0,155.00380310462234,9dcf9d97-6362-4b05-a9c5-f8e556fd53b2,minecraft:cat,true,Cat,[null]
165.9068132996769,72.0,101.60034746006565,afdef40f-c711-4ac2-9cd4-2ddf800ff74d,minecraft:cat,true,Cat,[null]
168.63145528989816,69.0,124.27950138091441,55225fab-99df-438a-a927-afed8b2aaf6e,minecraft:villager,true,Nitwit,[null]
168.405911120915,69.0,122.22375021710171,1fa898d4-1b38-43e6-91cc-4cdfcff26fba,minecraft:cat,true,Cat,[null]
174.49192441515564,69.0,124.84599921363206,3c9573b1-7b15-4696-bb8a-ff56c1b6480b,minecraft:cat,true,Cat,[null]
171.7204986190856,69.0,124.63145528989816,d1efa1d6-e544-43c5-b988-31ebadbc8565,minecraft:villager,true,Nitwit,[null]
173.45,69.0,122.56,65f64e8f-3aad-4610-9f4b-719776482268,minecraft:iron_golem,true,Iron Golem,[null]
166.36854471010184,69.0,126.72049861908559,c82a9ebf-18d6-4dbe-abb6-81670be3447d,minecraft:villager,true,Villager,[null]
167.9627158492299,69.0,120.03443539028753,427d2b9a-2678-4a97-9f5a-2158697080e0,minecraft:cat,true,Cat,[null]
155.5,-6.9375,-44.5,7cdd8687-cde1-478f-9572-c31d98a4455c,minecraft:chest_minecart,true,Minecart with Chest,[null]
168.65376556259986,63.0,-52.34448774670092,93f7d101-615e-434e-a81c-5b03c1c9ac96,minecraft:sheep,true,Sheep,[null]
166.0,63.0,-51.0,351cfffa-545f-404e-a716-b04944a88fa8,minecraft:sheep,true,Sheep,[null]
162.96772909947376,63.0,-59.72244140386318,af55ff0b-98e5-4989-9912-a6f645ca39b5,minecraft:sheep,true,Sheep,[null]
167.50000123287938,63.0,-46.30459769448929,7d5926c3-e02c-4560-884b-ade8182e54bd,minecraft:sheep,true,Sheep,[null]
-88.44225618455816,63.0,149.10977000280505,db29e506-2473-4146-b1d5-732762d1d9ff,minecraft:horse,true,Horse,[null]
-99.5,-37.5,187.5,fab83a45-86d4-4779-bfe9-a3699b649689,minecraft:chest_minecart,true,Minecart with Chest,[null]
-99.5,-37.5,177.5,e655c434-b0f4-4db9-a335-37336f6545a7,minecraft:chest_minecart,true,Minecart with Chest,[null]
-124.5,-49.5,181.5,2218e43c-f721-43c5-962a-0e9427f204e3,minecraft:chest_minecart,true,Minecart with Chest,[null]
-125.5,-48.5,190.5,db5e700e-80a5-4ed3-9e5a-3d8c6a83aff5,minecraft:chest_minecart,true,Minecart with Chest,[null]
-171.0,70.0,12.0,5cdbca1a-c056-42f6-849b-511a391cc9f1,minecraft:horse,true,Horse,[null]
-130.5,-48.5,190.5,3b0e6b41-daa3-449a-9152-d5e322d6eb51,minecraft:chest_minecart,true,Minecart with Chest,[null]
-36.5,4.0625,-133.5,85fd142a-47d8-4499-8c7e-76f34865d1c9,minecraft:chest_minecart,true,Minecart with Chest,[null]
-140.0,74.0,-8.0,51788c92-c487-4ffe-9468-f94412d96a3c,minecraft:cow,true,Cow,[null]
87.0,65.0,-174.0,78950237-8b8d-4150-96b7-d2c9b4fae81b,minecraft:chicken,true,Chicken,[null]
-166.0,69.0,106.0,23996ea9-b546-442f-ba7f-6ca401bc1698,minecraft:chicken,true,Chicken,[null]
-122.5,-46.9375,157.5,c0d04cb9-be8a-4ca0-a768-32e6c2a4dcd3,minecraft:chest_minecart,true,Minecart with Chest,[null]
-130.0,65.0,162.0,c20484d7-21c5-41bb-b0b8-ca1ef34e2ee2,minecraft:pig,true,Pig,[null]
-131.0,65.0,161.0,9621683d-6f84-4c5f-981a-bfea42f8957b,minecraft:pig,true,Pig,[null]
-132.0,65.0,161.0,1b8b5183-d7ae-40c5-a1a9-28734eff84a2,minecraft:pig,true,Pig,[null]
-130.0,65.0,161.0,b996af1c-e943-4ae8-82d7-2f390177686f,minecraft:pig,true,Pig,[null]
-173.5,-48.5,171.5,0f53afe1-1efb-4de3-a21c-e99918eb6d92,minecraft:chest_minecart,true,Minecart with Chest,[null]
-151.5,-40.5,160.5,c000f281-6e8e-4815-8890-b39f38c287c6,minecraft:chest_minecart,true,Minecart with Chest,[null]
-154.0224087255882,64.0,-79.3201723626458,27129cb5-12e5-40f5-916c-37cc0db75869,minecraft:sheep,true,Sheep,[null]
-152.97803747824707,64.0,-78.44999998807907,4e765eac-f2aa-4712-8c27-7041bda30570,minecraft:sheep,true,Sheep,[null]
-146.0,64.0,-79.10000002384186,ca675b4c-38d4-4903-ace2-3051e46a9b4e,minecraft:sheep,true,Sheep,[null]
-146.0,64.0,-79.10000002384186,b8acd74f-4369-466d-8226-be78fbe1f0fb,minecraft:sheep,true,Sheep,[null]
-131.44999998807907,63.0,-141.49563103820776,caab7c89-41fc-41cd-8883-10eb41c8a1cd,minecraft:pig,true,Pig,[null]
-129.31596201166522,64.0,-143.85989597903634,4d317928-f9e8-47a5-aff2-dc8aed756fec,minecraft:pig,true,Pig,[null]
-129.4465253376783,67.0,-137.37552745698846,ec02cc64-775c-4813-a7f0-8815283cf6be,minecraft:pig,true,Pig,[null]
-132.4063399013453,63.0,-142.3882850321781,3f4cd607-20c2-4ce3-a7b5-4e005b3d2d90,minecraft:pig,true,Pig,[null]
174.6328042068368,11.409616281131171,162.56787996074664,de8be22e-ffb4-45b9-93c7-efd7e9d43a06,minecraft:item,true,Hanging Vibrion Vines,[null]
174.3848834809318,12.145252931273102,162.3410531434258,221f88b7-e4a6-4843-88c4-b376590618b0,minecraft:item,true,Hanging Vibrion Vines,[null]
-67.61547094512504,13.408132355651112,161.41971096057387,bda3cef7-0e18-4282-ad2c-763f3f72c618,minecraft:item,true,Hanging Vibrion Vines,[null]
-74.42750289098127,13.240863363828442,163.38978074217673,f5c355d0-6731-4a00-b25d-fcbe32c57b59,minecraft:item,true,Hanging Vibrion Vines,[null]
40.80157941181652,0.0,-146.5890573402047,89cb26fa-c2e4-4bfb-b754-742077d5a205,minecraft:item,true,Substilium Roots,[null]
163.661877584777,-10.0,-114.96882791232113,0ba8bc9a-aa2b-4339-b042-447897c712c9,minecraft:item,true,Vibrion Roots,[null]
167.60610562726146,-11.0,-116.70860982689531,54068a5a-83e6-43e6-abd1-15372175f76d,minecraft:item,true,Substilium Roots,[null]
172.1896042586016,-16.0,-1.5160464187340263,db5a4917-f8e3-4566-b934-b9896ced557c,minecraft:item,true,Substilium Roots,[null]
160.05878282479452,-16.0,-24.953472054805204,18e0a15b-613a-40c0-ad7c-84526e0c6f9c,minecraft:item,true,Vibrion,[null]
27.348329460887864,-2.5297048365719794,165.71583548714725,b7ff8cd9-7d61-4186-a917-bb2a4fe81471,minecraft:item,true,Vibrion Roots,[null]
30.27537899653868,0.43649017537744617,164.6521075695564,fd45433a-7f04-4e8d-a0a4-00055c6dcc74,minecraft:item,true,Vibrion Roots,[null]
162.28815515719532,20.393630554546533,140.74681616653987,51d98043-4773-4f56-9f90-a5216e523e46,minecraft:item,true,Substilium Roots,[null]
163.33987277201456,-19.732990787194634,162.44746951600132,05a4d25d-c421-4fc8-af0a-a592c961a7ce,minecraft:item,true,Substilium Roots,[null]
-133.5,-40.0,167.5,bd5e71ee-4780-4f72-9d7f-91bc2a6c7c2f,minecraft:falling_block,true,Falling Block,[null]
-135.5,-39.0,169.5,2a51151d-4300-4790-95fa-17480a835ac3,minecraft:falling_block,true,Falling Block,[null]
-134.5,-39.0,169.5,d4c86cf8-47bb-4ba0-bf33-27ecabbc4f3d,minecraft:falling_block,true,Falling Block,[null]
-133.5,-40.0,170.5,67bb3cd1-f657-4744-a676-706179b01e8c,minecraft:falling_block,true,Falling Block,[null]
-133.5,-39.0,169.5,55a11f1e-6633-4d10-bd3c-43272b0462c9,minecraft:falling_block,true,Falling Block,[null]
-133.5,-39.0,168.5,7f26980b-fa10-4f60-b4cf-c2774e2a0261,minecraft:falling_block,true,Falling Block,[null]
-31.5,18.0,175.5,4288babb-66c9-419d-bad9-7049a9896db8,minecraft:falling_block,true,Falling Block,[null]
-30.5,18.0,175.5,f9cc7def-fe27-4abf-a8da-d19ad3159ece,minecraft:falling_block,true,Falling Block,[null]
-30.5,18.0,172.5,fab9956f-7116-408a-8c3f-462ec2f75bbe,minecraft:falling_block,true,Falling Block,[null]
-28.5,-21.0,172.5,f6d0fe0d-5b3f-4b55-aeaa-9fde9e0beb3d,minecraft:falling_block,true,Falling Block,[null]
2.5,15.0,167.5,f399ef5f-701a-4322-9f04-7848a0097cea,minecraft:falling_block,true,Falling Block,[null]
3.5,15.0,166.5,8d451926-c6e8-4c40-a5ed-8f72ebbe8693,minecraft:falling_block,true,Falling Block,[null]
3.5,15.0,168.5,50567e7b-b4e5-4942-8e04-af04c01e0b07,minecraft:falling_block,true,Falling Block,[null]
4.5,14.0,167.5,eb1c244a-0fd6-4009-a586-faf9bc9eaa83,minecraft:falling_block,true,Falling Block,[null]
2.5,15.0,164.5,a36781b7-2adf-4853-9d4e-74cea22f8e1f,minecraft:falling_block,true,Falling Block,[null]
1.5,15.0,165.5,c065f290-321f-46cb-aa7e-cba1b864e705,minecraft:falling_block,true,Falling Block,[null]
1.5,16.0,165.5,69ea6ed9-91f6-4563-bfc7-812d0a9db7a6,minecraft:falling_block,true,Falling Block,[null]
4.5,15.0,164.5,b23e9617-99de-47d7-a60e-8ee9b5ba7ef0,minecraft:falling_block,true,Falling Block,[null]
4.5,16.0,164.5,8e1d2559-cdda-42ed-b5f3-de7b6c3195a9,minecraft:falling_block,true,Falling Block,[null]
-29.5,18.0,172.5,b4b8af92-71f5-407d-ba12-f084afd4a99a,minecraft:falling_block,true,Falling Block,[null]
162.5,33.0,137.5,df0940c0-76aa-4a26-8a05-f6c8a8d7ed35,minecraft:falling_block,true,Falling Block,[null]
163.5,34.0,133.5,ee273a6f-cdbb-43f3-8af9-8efdc060ab73,minecraft:falling_block,true,Falling Block,[null]
164.5,34.0,134.5,51443de3-ea99-4935-98a8-b7a4df3d1565,minecraft:falling_block,true,Falling Block,[null]
163.5,37.0,134.5,2813d545-e55f-4927-88ec-c69fce10a2ba,minecraft:falling_block,true,Falling Block,[null]
164.5,34.0,136.5,d05a10b1-3637-4cba-8d49-828516421b10,minecraft:falling_block,true,Falling Block,[null]
2.5,15.0,163.5,aa13bb46-22f1-4987-a94d-e788ed32d0d6,minecraft:falling_block,true,Falling Block,[null]
2.5,16.0,163.5,a0bf826b-2fb2-4bec-9b5c-525589d1b4a6,minecraft:falling_block,true,Falling Block,[null]
163.5,33.0,137.5,73b93c23-ced9-4343-aa5d-cc5640d02857,minecraft:falling_block,true,Falling Block,[null]
164.5,-38.0,170.5,50495c52-ed5c-4352-a167-571604561fd4,minecraft:falling_block,true,Falling Block,[null]
162.5,-38.0,171.5,a3b78417-efb7-4c6b-8b67-20a6272e79ef,minecraft:falling_block,true,Falling Block,[null]
166.5,-39.0,170.5,6463527f-3b24-46e7-b867-98f03fe0079c,minecraft:falling_block,true,Falling Block,[null]
114.45123618017,-21.0,-35.94746089562468,380df991-f603-344c-a090-369bad2a924a,minecraft:player,true,Dev,[null]
-134.5,-39.0,168.5,c731b5d4-e26b-4568-b7d7-c9ab4d6ba1e4,minecraft:falling_block,true,Falling Block,[null]
-132.5,-40.0,170.5,ce017fc1-5d13-4763-86bd-df1fbff16451,minecraft:falling_block,true,Falling Block,[null]
-31.5,18.0,174.5,43a46c4f-eaf9-4fe3-8e3e-729af4f59840,minecraft:falling_block,true,Falling Block,[null]
-31.5,19.0,175.5,a9f8b79c-2d72-4f18-bd5b-9d5c0a02ec9a,minecraft:falling_block,true,Falling Block,[null]
-30.5,18.0,174.5,a0fae79c-8d8f-49c3-ab91-dc86f0ca7bb4,minecraft:falling_block,true,Falling Block,[null]
-30.5,19.0,175.5,ebd9dd7e-ce3c-48b4-b065-b2b3b81abe09,minecraft:falling_block,true,Falling Block,[null]
-30.5,18.0,173.5,da4d2ec9-91a4-4e9c-ac09-a68676e6de88,minecraft:falling_block,true,Falling Block,[null]
-30.5,19.0,172.5,7eedbb6f-7d59-420e-ba7e-7b3c36786874,minecraft:falling_block,true,Falling Block,[null]
-28.5,-21.0,171.5,79129947-c9a4-4e9a-b211-70769016d408,minecraft:falling_block,true,Falling Block,[null]
2.5,15.0,166.5,c51c6caa-78ea-4ead-96bc-3af450353aa2,minecraft:falling_block,true,Falling Block,[null]
2.5,15.0,168.5,c5ab3b38-b4f1-4586-be77-fb4237768971,minecraft:falling_block,true,Falling Block,[null]
2.5,16.0,167.5,f5a2442c-9f81-432b-ba58-39e589ad57b4,minecraft:falling_block,true,Falling Block,[null]
4.5,15.0,166.5,bcdc50da-b215-4bb9-bee7-9d6679c27990,minecraft:falling_block,true,Falling Block,[null]
3.5,15.0,165.5,6f7cd64c-a278-4806-949c-9a474656ca61,minecraft:falling_block,true,Falling Block,[null]
3.5,16.0,166.5,285e80cb-0732-4373-96b8-f63a8e6e9910,minecraft:falling_block,true,Falling Block,[null]
4.5,14.0,168.5,8136b9cf-ffa3-409e-bd4d-89c9f09f86b5,minecraft:falling_block,true,Falling Block,[null]
4.5,15.0,167.5,ee39f750-2d90-442b-be98-1257e284b9ac,minecraft:falling_block,true,Falling Block,[null]
3.5,15.0,164.5,dafa7e9b-afac-4e5a-919d-b5dcb44e2ab1,minecraft:falling_block,true,Falling Block,[null]
2.5,15.0,165.5,d19ca91f-cff3-48f2-bcaa-bcaa0d96ed58,minecraft:falling_block,true,Falling Block,[null]
2.5,16.0,164.5,37ce5d39-a4be-480d-91af-70c164762d60,minecraft:falling_block,true,Falling Block,[null]
2.5,16.0,165.5,a55d0e38-5866-450f-aec0-63dd99baf3b4,minecraft:falling_block,true,Falling Block,[null]
4.5,15.0,165.5,810aac77-4a4c-46c1-9132-f0d100bfd11d,minecraft:falling_block,true,Falling Block,[null]
3.5,16.0,164.5,2fdd9abd-3792-469a-b41c-c25b47b3d26c,minecraft:falling_block,true,Falling Block,[null]
4.5,16.0,165.5,917c04f9-737c-4aa9-bd91-46e870a029ca,minecraft:falling_block,true,Falling Block,[null]
-29.5,18.0,173.5,f6d34861-3eb3-477a-9aed-4eeb54ee371e,minecraft:falling_block,true,Falling Block,[null]
-29.5,19.0,172.5,feff89c3-fd76-4a56-a2d1-e7a3d9cfe2e7,minecraft:falling_block,true,Falling Block,[null]
162.5,34.0,137.5,056150e6-5562-4437-b6c3-9721e2f50111,minecraft:falling_block,true,Falling Block,[null]
163.5,34.0,134.5,b92e41e5-bd34-4817-b4b6-fb8fe2364da3,minecraft:falling_block,true,Falling Block,[null]
163.5,35.0,133.5,c3164ceb-eb8f-4f8a-a707-3602b5d00785,minecraft:falling_block,true,Falling Block,[null]
164.5,34.0,135.5,c940bfc0-84dc-4d6d-8f87-35414f671e0d,minecraft:falling_block,true,Falling Block,[null]
164.5,35.0,134.5,7ea23b4a-1661-423a-bf90-385779b06ffd,minecraft:falling_block,true,Falling Block,[null]
163.5,34.0,136.5,75904c36-9930-4dc4-b5fa-d474fe97a56a,minecraft:falling_block,true,Falling Block,[null]
164.5,35.0,136.5,95554c97-edbb-4a3b-9ff1-d01f6d16e8ca,minecraft:falling_block,true,Falling Block,[null]
3.5,15.0,163.5,f5b5f13e-e2c8-4bd9-ab86-4b7a639ab258,minecraft:falling_block,true,Falling Block,[null]
3.5,16.0,163.5,13df6648-deed-46e2-990c-c1120471a677,minecraft:falling_block,true,Falling Block,[null]
163.5,34.0,137.5,d37964d9-cfb8-4b68-9876-4fa054c330f3,minecraft:falling_block,true,Falling Block,[null]
-132.5,-40.0,169.5,81477554-03d2-4dfe-b849-0e4e2d7d200e,minecraft:falling_block,true,Falling Block,[null]
-141.0759833662345,33.75,-150.125,8f820b35-51c5-4673-8219-be927bf48200,minecraft:item,true,Hanging Vibrion Vines,[null]
-131.20505212697066,31.75,-147.875,75de95d8-e203-40a6-bc15-dd3fd2e354d6,minecraft:item,true,Hanging Vibrion Vines,[null]
14.682541143172832,38.38012595057652,170.67552972976412,54f08480-e722-4c32-8c31-d4bee711d180,minecraft:item,true,Hanging Vibrion Vines,[null]
9.594836073193484,37.50768946029511,160.53790239704924,6e228bf9-b909-474e-b76f-6ae7c498b7cb,minecraft:item,true,Hanging Vibrion Vines,[null]
160.63535309752328,15.413661488449614,152.39783578030023,0aa81480-3e43-4671-8267-da2ec3eff7c1,minecraft:item,true,Hanging Vibrion Vines,[null]
175.57904108516536,15.417004887967172,145.35647984311717,fa2593ac-7d4c-48db-9a3a-9024c2e67f24,minecraft:item,true,Hanging Vibrion Vines,[null]
168.28680830045732,55.159011817144645,155.30859980755525,5e166bf7-b774-4663-a5c8-a584fa148060,minecraft:item,true,Hanging Vibrion Vines,[null]
167.3831595330424,55.6243278054383,155.3166466579433,72062f97-5559-407a-96d8-90d641cace37,minecraft:item,true,Hanging Vibrion Vines,[null]
-155.125,53.75,-90.89516274446282,c23bc9ac-55df-4de3-ac8d-5bd0a7fb8294,minecraft:item,true,Hanging Vibrion Vines,[null]
-151.3283686178533,36.0,-77.96065784472269,2911f516-f700-4cd8-bcbf-c98435a95e56,minecraft:item,true,Hanging Vibrion Vines,[null]
-147.875,45.75,-81.125,5d60441c-6e11-45e0-9448-66f49e6b57ae,minecraft:item,true,Hanging Vibrion Vines,[null]
174.26385119926033,16.499060448721686,164.7126592215069,0131865a-7b95-49ab-be40-ad295d6bc834,minecraft:item,true,Hanging Vibrion Vines,[null]
162.56556599988238,39.75,-138.70927725132938,b567ea5b-6759-411f-9a89-397ecddd0a37,minecraft:item,true,Hanging Vibrion Vines,[null]
149.37479553249656,17.563207929424248,165.5338724195581,a349a249-77ea-495e-ac00-e5c41a9aefe2,minecraft:item,true,Hanging Vibrion Vines,[null]
168.65277935644386,16.255461173278945,170.27900389411693,99592e68-5b61-421e-852e-375fbd1470f4,minecraft:item,true,Hanging Vibrion Vines,[null]
-144.125,31.75,-100.87471079058693,615d030f-5515-45b1-8fb0-5a025da899dd,minecraft:item,true,Hanging Vibrion Vines,[null]
152.6605414639514,14.559267485979278,167.28698548720965,005eebd8-e6a5-46fb-a528-c5c0818d43eb,minecraft:item,true,Hanging Vibrion Vines,[null]
169.875,39.75,-137.12931371290847,7c8f331c-a300-454d-9baa-614665ba51d0,minecraft:item,true,Hanging Vibrion Vines,[null]
120.32520162506934,27.215849854293023,161.74061587003757,659666e5-3f15-4df2-bb87-2cad1e17cbe7,minecraft:item,true,Hanging Vibrion Vines,[null]
41.69032713939307,44.61238521054716,161.74601804243594,5b9406a8-2f5b-4912-86fa-1d1244b61abb,minecraft:item,true,Hanging Vibrion Vines,[null]
115.875,-0.25,-147.125,b09cd160-4e01-4d12-a4c4-2552c0e7b075,minecraft:item,true,Hanging Vibrion Vines,[null]
144.5722028615991,62.399183298068735,-144.875,e95387fe-52ac-4ca3-ac2b-3ee1a009c5df,minecraft:item,true,Hanging Vibrion Vines,[null]
-31.5,19.0,174.5,23c71db8-410d-4f4d-8adb-5ecf1d08a9fd,minecraft:falling_block,true,Falling Block,[null]
-31.5,20.0,175.5,087f76b6-6355-4199-8abd-2592f14d525c,minecraft:falling_block,true,Falling Block,[null]
-30.5,19.0,174.5,022d1bd1-3fbf-49c0-a5d6-4c54e887baea,minecraft:falling_block,true,Falling Block,[null]
-29.5,19.0,175.5,1a7b75d3-cbc2-4745-a402-426892bae87d,minecraft:falling_block,true,Falling Block,[null]
-30.5,20.0,175.5,6e71d446-5531-4b6d-bb57-b408d1b5a155,minecraft:falling_block,true,Falling Block,[null]
-30.5,19.0,173.5,d1dbd882-210e-4f0a-8127-3430b6a9040c,minecraft:falling_block,true,Falling Block,[null]
-30.5,20.0,172.5,9182b481-010b-40ad-a7f4-03c0d410c26e,minecraft:falling_block,true,Falling Block,[null]
-28.5,-20.0,171.5,8067b7f6-7ae2-4e40-92dc-17601f31bfbc,minecraft:falling_block,true,Falling Block,[null]
2.5,16.0,166.5,ab70a277-1e00-4ce9-97c4-5ac7123ebec5,minecraft:falling_block,true,Falling Block,[null]
2.5,15.0,169.5,ebc976e0-f6c4-463e-9b73-3f4e2325f92b,minecraft:falling_block,true,Falling Block,[null]
2.5,16.0,168.5,e3cb9df0-6f2e-43f6-8560-6897b70ae0b4,minecraft:falling_block,true,Falling Block,[null]
2.5,17.0,167.5,f7b0edb9-a91e-4b8f-b930-593aa1c742a7,minecraft:falling_block,true,Falling Block,[null]
4.5,16.0,166.5,22fd29a8-410d-4d41-bd30-d41fe191319d,minecraft:falling_block,true,Falling Block,[null]
3.5,16.0,165.5,f713edd1-34c9-4f5b-bf10-e117cdc976e7,minecraft:falling_block,true,Falling Block,[null]
3.5,17.0,166.5,f2c7f304-1287-42ce-845b-e1e6bd540b5c,minecraft:falling_block,true,Falling Block,[null]
2.5,17.0,165.5,02719dd2-aea5-4692-9023-914167b47a3f,minecraft:falling_block,true,Falling Block,[null]
3.5,17.0,164.5,a098a38c-08c5-4990-ab2d-ac4cb01afd8d,minecraft:falling_block,true,Falling Block,[null]
4.5,17.0,165.5,1789b717-dfb9-478d-b9cd-b409bf7bfb54,minecraft:falling_block,true,Falling Block,[null]
-29.5,19.0,173.5,1a62b310-e59e-4756-99fe-8c38f35147d7,minecraft:falling_block,true,Falling Block,[null]
-29.5,20.0,172.5,a7128b35-c4e0-401f-8667-a5c35843bd68,minecraft:falling_block,true,Falling Block,[null]
162.5,34.0,136.5,a27dd298-648f-48b1-8c6c-01fc79d7a272,minecraft:falling_block,true,Falling Block,[null]
162.5,35.0,137.5,09b0ebde-edb0-4568-afc1-c8474cb5f1fc,minecraft:falling_block,true,Falling Block,[null]
163.5,35.0,134.5,7e2313ba-9e0f-44cf-9adb-2df38740e7b6,minecraft:falling_block,true,Falling Block,[null]
162.5,35.0,133.5,5918d2c9-2066-4bd8-92b8-ed96c8a3e96e,minecraft:falling_block,true,Falling Block,[null]
163.5,36.0,133.5,2d861e37-2301-4fcc-88f7-e44f45e3a1f8,minecraft:falling_block,true,Falling Block,[null]
164.5,35.0,135.5,a9a13592-f0fa-48b7-8d42-13c519afe992,minecraft:falling_block,true,Falling Block,[null]
164.5,36.0,134.5,daed8aef-c7d9-4074-83b6-8d0da91316ee,minecraft:falling_block,true,Falling Block,[null]
163.5,35.0,136.5,ead69b12-4eca-4a60-b6bc-f50d63ac1fb0,minecraft:falling_block,true,Falling Block,[null]
164.5,36.0,136.5,1860a585-f162-4469-afa2-9612c2f70dcf,minecraft:falling_block,true,Falling Block,[null]
163.5,35.0,137.5,1cfc1ca4-d53f-41d3-9766-9f9863247bfe,minecraft:falling_block,true,Falling Block,[null]
-152.39880439843364,36.0,-78.125,abb71094-04e6-4d11-b7bb-34dbadb44b10,minecraft:item,true,Hanging Vibrion Vines,[null]
-131.5,-40.0,169.5,34979423-28b3-4136-a6d5-7eb72358ce58,minecraft:falling_block,true,Falling Block,[null]
-132.5,-40.0,168.5,25de833f-d456-4899-8f9f-6f0a8fca119c,minecraft:falling_block,true,Falling Block,[null]
-132.5,-39.0,169.5,ccb1fdd7-aa97-4704-9e6c-a45931992bf9,minecraft:falling_block,true,Falling Block,[null]
-148.7196047533636,36.0,-77.06608174339163,dac00736-6628-4b61-ae61-0ee069ad850a,minecraft:item,true,Hanging Vibrion Vines,[null]
-31.5,20.0,174.5,0f9cb3bc-a38f-4218-ab8d-e85edb42858c,minecraft:falling_block,true,Falling Block,[null]
-31.5,21.0,175.5,946a0d05-4891-4242-b2e4-665761dc5c8a,minecraft:falling_block,true,Falling Block,[null]
-30.5,20.0,174.5,d725bf01-fec1-4514-8e88-3fc0b880378b,minecraft:falling_block,true,Falling Block,[null]
-29.5,20.0,175.5,e38a9f21-95d8-41bb-8105-1ed9ba372900,minecraft:falling_block,true,Falling Block,[null]
-30.5,21.0,175.5,f463b730-2555-4591-a0c2-af692ef19c72,minecraft:falling_block,true,Falling Block,[null]
-30.5,20.0,173.5,43621bb8-3c85-4ad1-affb-9c053fa4ff83,minecraft:falling_block,true,Falling Block,[null]
-30.5,21.0,172.5,741954c2-079a-47e8-a64e-bfd990af6ed0,minecraft:falling_block,true,Falling Block,[null]
2.5,17.0,166.5,c5fdee20-38a1-4500-a5b6-4ecc37cbb9c2,minecraft:falling_block,true,Falling Block,[null]
2.5,16.0,169.5,8cafd393-cdf2-4982-9235-f66306127537,minecraft:falling_block,true,Falling Block,[null]
2.5,17.0,168.5,1b622beb-8d92-4f18-9474-45fd1044b19f,minecraft:falling_block,true,Falling Block,[null]
4.5,17.0,166.5,0f0a4874-a43c-49ad-9e96-4c58a3dc8b29,minecraft:falling_block,true,Falling Block,[null]
3.5,17.0,165.5,228b370f-2233-4c43-9534-eabae106702e,minecraft:falling_block,true,Falling Block,[null]
-29.5,20.0,173.5,2caa9b17-e9a2-4195-a411-a513a53eda83,minecraft:falling_block,true,Falling Block,[null]
-29.5,21.0,172.5,a65e3bae-80a7-4596-aff1-26abbfa88d57,minecraft:falling_block,true,Falling Block,[null]
161.5,34.0,136.5,fdbceacc-91e3-4a4e-837d-3ca4430f8fcc,minecraft:falling_block,true,Falling Block,[null]
162.5,35.0,136.5,2058ac30-9ae8-42ac-82e3-807b6dd910f7,minecraft:falling_block,true,Falling Block,[null]
162.5,36.0,137.5,c9cd56e5-052b-4fae-9169-175456de7a8a,minecraft:falling_block,true,Falling Block,[null]
162.5,35.0,134.5,47d124a2-e29e-4e48-8561-b4cd4c80140e,minecraft:falling_block,true,Falling Block,[null]
163.5,35.0,135.5,edbdc31c-c291-4db1-b956-932a5b371f4c,minecraft:falling_block,true,Falling Block,[null]
161.5,35.0,133.5,e97e0a7a-7c78-4f46-abca-f93307f9dd33,minecraft:falling_block,true,Falling Block,[null]
164.5,36.0,135.5,ea5ff2dd-f528-4855-a851-c735d927beb7,minecraft:falling_block,true,Falling Block,[null]
163.5,36.0,136.5,758c4761-406b-40c2-b95f-ba2e1d4bc31a,minecraft:falling_block,true,Falling Block,[null]
163.5,36.0,137.5,12b2b4c3-8e3a-461b-a1de-bc24cac14f94,minecraft:falling_block,true,Falling Block,[null]
-148.95593198871154,37.0,-79.7145118704597,738de1a3-6101-4cac-8b6a-673ce86a1554,minecraft:item,true,Hanging Vibrion Vines,[null]
-130.5,-40.0,169.5,41208797-2fda-42e2-b0d7-c92a929290e3,minecraft:falling_block,true,Falling Block,[null]
-131.5,-40.0,168.5,963d1bd5-3242-4d4b-929d-9e47bfd1be2f,minecraft:falling_block,true,Falling Block,[null]
-131.5,-39.0,169.5,e3a66aa2-a8f0-4c24-8976-8285a2f177dd,minecraft:falling_block,true,Falling Block,[null]
-132.5,-39.0,168.5,486cefb9-36f6-443f-8145-ae90b82b23cf,minecraft:falling_block,true,Falling Block,[null]
-145.2674666405522,34.0,-72.92401105587814,0b9f6840-9ca8-479a-b00a-b0df83cace34,minecraft:item,true,Hanging Vibrion Vines,[null]
-31.5,21.0,174.5,3dd5053c-31b6-4db3-8326-b6c3527f7102,minecraft:falling_block,true,Falling Block,[null]
-30.5,21.0,174.5,2ee96f85-27c5-4103-bdba-2152ea10f26c,minecraft:falling_block,true,Falling Block,[null]
-30.5,21.0,173.5,3e726f8e-4eae-4664-9864-37613ea9a6c7,minecraft:falling_block,true,Falling Block,[null]
-29.5,21.0,173.5,1bdb832b-52f0-460f-b69d-41e035d87632,minecraft:falling_block,true,Falling Block,[null]
161.5,35.0,136.5,163848b7-2b30-4b1b-9519-89c937bae752,minecraft:falling_block,true,Falling Block,[null]
162.5,35.0,135.5,9167166d-9025-4e1f-a59c-b348fc7e9ff9,minecraft:falling_block,true,Falling Block,[null]
162.5,36.0,136.5,3f492a11-0d21-4345-bd81-4105bf7e951b,minecraft:falling_block,true,Falling Block,[null]
161.5,35.0,134.5,09a8ba35-7205-4cc2-b08d-ad677010f240,minecraft:falling_block,true,Falling Block,[null]
161.5,35.0,132.5,9f32b84d-9d6e-4a21-b42e-7341d6760870,minecraft:falling_block,true,Falling Block,[null]
163.5,37.0,137.5,2b517cbd-ca4c-4804-8c6a-9616324bfe44,minecraft:falling_block,true,Falling Block,[null]
-130.5,-40.0,168.5,99627674-66b9-4324-a6ac-598edc51e658,minecraft:falling_block,true,Falling Block,[null]
-131.5,-39.0,168.5,cb75cdf3-5a97-435c-a094-9031e9348de9,minecraft:falling_block,true,Falling Block,[null]
42.5,-1.9375,-190.5,994a04e6-8f76-4223-b39c-75a7adaef58e,minecraft:chest_minecart,true,Minecart with Chest,[null]
161.5,35.0,135.5,fdd17111-9213-4791-8bd7-f43cfe8cc5a6,minecraft:falling_block,true,Falling Block,[null]
161.5,36.0,136.5,3d9e235d-a840-4966-b951-31f28aac63e7,minecraft:falling_block,true,Falling Block,[null]
161.5,36.0,134.5,569ea0de-b45d-4047-97e4-759c1e27ece6,minecraft:falling_block,true,Falling Block,[null]
-130.5,-39.0,168.5,98eb0151-ec92-43ab-8bd5-1a4c20d0ebae,minecraft:falling_block,true,Falling Block,[null]
161.5,36.0,135.5,d989343c-40a0-4ef0-8115-c3f6a228a104,minecraft:falling_block,true,Falling Block,[null]
162.5,34.0,132.5,b32dc8cc-e538-47fd-b511-9ce366fc1569,minecraft:falling_block,true,Falling Block,[null]
162.5,35.0,132.5,9f51eb4b-3b90-4629-8459-7fcf6e57ca70,minecraft:falling_block,true,Falling Block,[null]
-20.0,112.0,-190.0,f058f6c4-ca32-49f2-8860-7f551a19ef24,minecraft:horse,true,Horse,[null]
-64.68718341736617,114.0,-181.33008514035987,1c007476-6f99-4bad-83e8-425af8dca546,minecraft:cow,true,Cow,[null]
-63.0,115.0,-185.0,79acc31a-2336-4231-a433-9d24d009d189,minecraft:cow,true,Cow,[null]
161.53206897864422,18.294964572044595,144.65012296487194,719abdc9-9e91-4c06-8242-530d8ca6b209,minecraft:item,true,Substilium Roots,[null]
162.30422023744106,18.32922295412184,144.63961182643084,a3a421d6-4104-4f7d-92fb-c3d6296b8c69,minecraft:item,true,Vibrion Roots,[null]
164.71331124578583,17.37305438768268,145.67044068657532,489efe68-2027-4cad-a816-37f8410b30ad,minecraft:item,true,Vibrion,[null]
164.55541832209437,20.344958555463595,136.43558119088283,8714c960-8bce-407b-bee3-0ad5365ea4a7,minecraft:item,true,Substilium Roots,[null]
162.57540557604375,19.436415773213362,134.32224805828844,2fe9234b-ff14-4760-8100-7693048145c6,minecraft:item,true,Substilium Roots,[null]
162.4148488777184,19.604915416977867,135.3356140381336,b980027a-a70b-4832-bbee-a240fe20aec4,minecraft:item,true,Substilium Roots,[null]
163.6857119793395,19.350509482471118,137.71371501406557,fde833b9-913f-4bf6-bd38-00da310dd520,minecraft:item,true,Vibrion,[null]
163.28625413611047,19.51378205813063,136.42143891800376,b0e602c0-c60c-49f5-acde-7933dca651ad,minecraft:item,true,Vibrion,[null]
161.48029453149405,18.56973197752238,133.66231474579462,a4f40d52-a13c-4881-a777-22893b620a49,minecraft:item,true,Vibrion,[null]
161.4706609238805,19.136656635269567,135.5763102108191,576fefa2-82f4-468d-9f17-54a6294bcdae,minecraft:item,true,Substilium Roots,[null]
162.31990710147977,19.38305212006643,137.49373246901843,3e2c4a94-fdc8-4304-ab74-1bbaeaab2ec4,minecraft:item,true,Substilium Roots,[null]
160.58502947672383,18.304493726137345,133.51699001989385,6c1e48a4-f6d2-4886-8994-33cecc891b5b,minecraft:item,true,Substilium Roots,[null]
160.53468382469936,18.403735454257095,132.6981083413179,5be18eb3-bf99-4b25-8f32-14dd71dd85f8,minecraft:item,true,Vibrion,[null]
161.4429885907563,19.389042168174576,137.51988204499037,c7c60757-14e4-49be-bbd7-fb720bb6dc72,minecraft:item,true,Vibrion Roots,[null]
160.68884337207558,18.371943070435282,134.3972603195376,1e3481cd-7d05-497f-8476-41a96d2e9758,minecraft:item,true,Substilium Roots,[null]
160.3120072100101,18.236734820876723,135.3592998601607,5ad7d0fb-173b-4140-9934-29d6b93e0da6,minecraft:item,true,Substilium Roots,[null]
172.93220083420837,19.0,74.89007765321321,5441a1cd-c7d3-4744-b79e-8faecd8b07fd,minecraft:item,true,Substilium Roots,[null]
167.037009774529,23.0,75.63162033404369,8c12c851-7fbe-457a-b2ac-2bce3ab25e2c,minecraft:item,true,Vibrion,[null]
161.08843249784294,25.0,76.24321063328007,c205f812-b762-4bea-bf8a-45878d1f857b,minecraft:item,true,Hanging Vibrion Vines,[null]
165.81272694129828,24.0,76.46567929548738,a4e78de3-9881-4610-b780-5e2667dc4826,minecraft:item,true,Substilium Roots,[null]
174.5938264148543,16.0,74.27416778314264,411f7dd6-5b8f-4d5d-bfdf-1ee1140e1086,minecraft:item,true,Substilium Roots,[null]
179.4954242897724,10.0,78.875,ee549dec-93f4-47ed-9962-b1eb5f04c3a2,minecraft:item,true,Substilium Roots,[null]
54.57637462992694,-41.391875297260626,163.2924702757141,a9f8d7aa-435a-4c9d-9204-a32616a9fdf4,minecraft:item,true,String,[null]
54.452847474625855,-42.715825365144134,163.33998234883416,a292eec9-ada3-4263-8659-dadfe34095ff,minecraft:item,true,String,[null]
181.7378023665775,7.372389559270904,161.6905272607511,ca9245c8-b6de-4b6e-8920-089e75d6e0d5,minecraft:item,true,Hanging Vibrion Vines,[null]
181.45270967476853,6.273110674331316,161.29978710842607,630af575-b42c-47ef-ae9c-f37aa18f9180,minecraft:item,true,Hanging Vibrion Vines,[null]
181.4478700506422,8.584402141987425,152.42343871055033,1558bbce-9d41-4408-be84-af5cc3aafcb4,minecraft:item,true,Hanging Vibrion Vines,[null]
181.48465100706463,7.58452685844677,152.47459836658837,705b2288-ab03-4a3c-a038-4282053bf61c,minecraft:item,true,Hanging Vibrion Vines,[null]
160.0240700066766,-29.0,153.62541446618332,7cb54476-464d-42c6-8802-12a1933fcc21,minecraft:item,true,Vibrion Roots,[null]
160.6461541319882,-28.864834483634045,149.51122501145642,0c5404f8-4908-4e40-a545-9400e7e1bd81,minecraft:item,true,Vibrion Roots,[null]
160.07058337081506,-28.97865899037692,152.13798258603504,101a62db-7195-4e30-a333-a4fab2cd4103,minecraft:item,true,Vibrion Roots,[null]
160.38720278240228,-28.522179049537854,150.4031871589692,ce003ad4-c9b3-462e-91c9-52454237f8bd,minecraft:item,true,Vibrion Roots,[null]
160.05890808174163,-28.930974511179624,152.60918613370563,65c0926b-b457-4d39-9608-2d0a61a2b9d3,minecraft:item,true,Substilium Roots,[null]
161.45097181321404,-28.522139288157657,150.65205980989657,3d4ef463-50bf-47d1-99cd-bf834bc52361,minecraft:item,true,Vibrion Roots,[null]
162.2907735985178,-28.83824810940402,149.5083848717126,31fa7bce-8648-4cfe-a72e-99eea3119af9,minecraft:item,true,Vibrion Roots,[null]
151.39687282751532,-29.670172955575257,160.1346598405362,e3a16710-a7c1-4eb8-927c-48f5e1507407,minecraft:item,true,Substilium Roots,[null]
152.3342516474305,-31.513227028652345,160.26805849111827,79b302fb-aa43-4180-a6dc-49d70ac1a167,minecraft:item,true,Substilium Roots,[null]
152.62366039429028,-31.505969018686454,161.4615539656477,b53627d0-7742-4ba3-ba23-f81b61ce6380,minecraft:item,true,Substilium Roots,[null]
153.56731009964236,-31.677784171855436,160.4646700132225,c9d28972-274c-448c-9fb7-42b06f8f58a3,minecraft:item,true,Substilium Roots,[null]
151.65934197163853,-31.535186968532386,161.4108787208094,3e56cfc1-308f-48b3-b8c1-2ab0616ab979,minecraft:item,true,Substilium Roots,[null]
154.31780118301523,-31.80061637643221,160.46899041061388,f46868bf-1fd7-4747-a9ca-2cf09b6603eb,minecraft:item,true,Substilium Roots,[null]
-12.875,48.0,-178.0886368155763,75005825-ab1f-47b5-85a3-61d859c88cca,minecraft:item,true,Substilium Roots,[null]
-6.040467005256155,48.0,-171.125,294a83b7-bd38-4092-bef7-f34fb94fdea5,minecraft:item,true,Substilium Roots,[null]
-158.8840376846169,53.75,-160.125,98d9a974-0970-4781-9649-a45a15099c7c,minecraft:item,true,Hanging Vibrion Vines,[null]
145.875,39.562662450863925,-163.875,0459a158-d55d-4736-b7b5-d371f424fabb,minecraft:item,true,Hanging Vibrion Vines,[null]
-0.46964030460825973,40.0,-184.5412966350845,acf82b68-9903-41e3-ac24-08dcea95bdec,minecraft:item,true,Substilium Roots,[null]
-56.723707740006645,55.0,-179.3372563537325,2983b503-c7a7-4c8a-8879-062c9711e49e,minecraft:item,true,Substilium Roots,[null]
-55.125,54.33480597925432,-177.125,da76546f-b803-46a3-949b-b55dcc9e1a8a,minecraft:item,true,Vibrion Roots,[null]
-56.698653882916645,72.0,25.42655792051771,2d62e986-d8e9-4b5e-ab99-32dbcc1cc088,minecraft:item,true,Hickory Nut,[null]
-173.875,36.4250734529288,-109.875,4778dd62-3ad5-40fc-ba56-03b4df684147,minecraft:item,true,Hanging Vibrion Vines,[null]
-161.24213703090774,51.75,-85.125,8a9a6872-e547-436e-b7f7-a0aeee94514e,minecraft:item,true,Hanging Vibrion Vines,[null]
2.740408797636343,56.56199598504972,-229.55819226979648,fb38f10f-6024-4ac3-bab0-22db8500fc27,minecraft:item,true,Hanging Vibrion Vines,[null]
2.4168550683926955,55.416848990471046,-229.4235928143137,e3195c8b-58a2-4f09-817e-35091c0b71c8,minecraft:item,true,Hanging Vibrion Vines,[null]
-161.125,50.75,-172.74013618778304,524c3dec-d13f-46f3-8bbf-7c1cfed99d08,minecraft:item,true,Hanging Vibrion Vines,[null]
-171.67384918789205,50.75,-162.875,3b242725-9977-4a95-a0d3-eed91116c9f8,minecraft:item,true,Hanging Vibrion Vines,[null]
-167.875,50.75,-168.875,c93eb58d-1e48-47dd-8ab2-3de735148712,minecraft:item,true,Hanging Vibrion Vines,[null]
-160.125,49.75,-174.125,ab8acf40-fd26-40e6-9ba9-ac9704256d7d,minecraft:item,true,Hanging Vibrion Vines,[null]
-72.0,116.0,-246.0,2f3c229f-52aa-4de8-b126-5e9e9feb024c,minecraft:cow,true,Cow,[null]
-72.0,116.0,-246.0,2714a3b6-1b40-4313-a555-fb005a50099a,minecraft:cow,true,Cow,[null]
-74.0,116.0,-246.0,8f908df2-082b-4885-b20e-dd7e994e28fa,minecraft:cow,true,Cow,[null]
-56.875,53.39668749280492,-177.875,8e947eb2-d31f-4f7e-9f73-1057034fcd66,minecraft:item,true,Vibrion Roots,[null]
-51.32400375073582,56.547640305091754,-255.6094016279366,1db3a7e0-c699-417d-8347-3fd0ae072049,minecraft:item,true,Substilium Roots,[null]
83.875,52.52189552061782,-197.125,55207029-676e-473b-bfbd-659b08b5eebd,minecraft:item,true,Hanging Vibrion Vines,[null]
92.6966839476106,55.28443942000886,-230.3702091842676,84e93312-9e72-4735-a2ff-b46ede3e3166,minecraft:item,true,Hanging Vibrion Vines,[null]
91.25254081341332,53.23308876771357,-227.26781005689062,57396304-3a5a-4c48-8bea-e0fa36d6830a,minecraft:item,true,Hanging Vibrion Vines,[null]
92.74416658926805,61.15993155678707,-239.58544935948422,96f3fbe9-552d-4eed-8407-bfcc818b3748,minecraft:item,true,Hanging Vibrion Vines,[null]
44.5,-47.0,-229.5,50cd1adf-c18d-4534-b70e-78254234fd95,minecraft:falling_block,true,Falling Block,[null]
43.5,-47.0,-229.5,fa38de44-98c7-4a38-bd3b-252624c379af,minecraft:falling_block,true,Falling Block,[null]
43.5,-46.0,-229.5,5e1c68df-cf14-49b3-b2d8-89deb27a9fe8,minecraft:falling_block,true,Falling Block,[null]
102.63726168395114,54.271252973202905,-239.68351333442217,356d90dc-e718-4993-90c1-29bf1877a98a,minecraft:item,true,Hanging Vibrion Vines,[null]
108.69145741985257,42.34670814469629,-239.4575550701965,edf0668d-5ed3-489b-a670-3f585c1ff157,minecraft:item,true,Hanging Vibrion Vines,[null]
158.0,63.0,-261.0,ff35275e-76f4-42bb-876c-1c6e4c1643c3,minecraft:pig,true,Pig,[null]
157.0,63.0,-260.0,e3c462b3-e2a5-4a42-be3e-91467689ea80,minecraft:pig,true,Pig,[null]
158.0,64.0,-257.0,80060bb5-b4bd-405d-83a3-d82b5911f404,minecraft:pig,true,Pig,[null]
113.52785382776179,48.36192537425449,-234.50886223259386,26e538b5-0bb7-49b2-92ee-1d470469989b,minecraft:item,true,Hanging Vibrion Vines,[null]
122.50856390870513,51.558408153005416,-235.46647183046093,bd285dfc-9b40-413e-842f-8a27419e22b6,minecraft:item,true,Hanging Vibrion Vines,[null]
113.5,49.0,-237.5,23b1e5bc-9c9f-49ae-a314-46c939abf768,minecraft:falling_block,true,Falling Block,[null]
125.5,53.0,-235.5,9164fe8c-2a12-4f31-b114-2267898ce2a3,minecraft:falling_block,true,Falling Block,[null]
112.5,49.0,-237.5,8698a802-e9e6-487c-83e4-6af17828ec84,minecraft:falling_block,true,Falling Block,[null]
113.5,50.0,-237.5,8995e61d-1091-40ee-aae2-8051edf1a1c6,minecraft:falling_block,true,Falling Block,[null]
114.5,49.0,-238.5,3885422d-941e-4087-8646-1ae4e6c8b9b5,minecraft:falling_block,true,Falling Block,[null]
113.5,49.0,-238.5,ce4dd9cf-b46b-4499-ad70-4897b7aaf1cb,minecraft:falling_block,true,Falling Block,[null]
126.5,53.0,-235.5,6bf222c6-b2ac-4ae9-a043-e7570e00d209,minecraft:falling_block,true,Falling Block,[null]
125.5,54.0,-235.5,c6c371fe-2ce7-4aaf-a39d-85c904ed558e,minecraft:falling_block,true,Falling Block,[null]
112.5,49.0,-238.5,1497343f-2429-4935-be59-a7502604676b,minecraft:falling_block,true,Falling Block,[null]
112.5,50.0,-237.5,508addaf-6b55-4e28-8d92-6c340ca402e9,minecraft:falling_block,true,Falling Block,[null]
113.5,50.0,-238.5,214d2016-0833-4902-80a4-b04d72135808,minecraft:falling_block,true,Falling Block,[null]
114.5,49.0,-239.5,0b09fbea-5655-4a98-811c-c29c105c9c39,minecraft:falling_block,true,Falling Block,[null]
114.5,50.0,-238.5,971e35f5-6b31-453c-8f84-32824a51e0a3,minecraft:falling_block,true,Falling Block,[null]
113.5,49.0,-239.5,0c553280-7f64-4ff9-95a5-bbfc25150d2a,minecraft:falling_block,true,Falling Block,[null]
126.5,53.0,-236.5,67f3272a-5f2e-4a57-acb1-70212131ad11,minecraft:falling_block,true,Falling Block,[null]
126.5,54.0,-235.5,13337cbe-fc46-4a22-8518-7c25131d42c1,minecraft:falling_block,true,Falling Block,[null]
125.5,55.0,-235.5,dc485e93-e8fe-41b5-861f-f2bfb3baa84c,minecraft:falling_block,true,Falling Block,[null]
111.5,49.0,-238.5,61892b73-953a-43ed-b45a-86e8d274dde4,minecraft:falling_block,true,Falling Block,[null]
112.5,49.0,-239.5,e21e6e3f-67bb-4490-9399-fc096e273e3d,minecraft:falling_block,true,Falling Block,[null]
112.5,50.0,-238.5,8904f16a-a826-4364-aa37-eb5e2bd6c151,minecraft:falling_block,true,Falling Block,[null]
112.5,51.0,-237.5,9f454340-11ac-4890-9494-d65ddab17993,minecraft:falling_block,true,Falling Block,[null]
113.5,50.0,-239.5,aefbf855-337b-4ccb-93cd-1a53a0090778,minecraft:falling_block,true,Falling Block,[null]
113.5,51.0,-238.5,d1a0b151-d6af-443e-95b8-6286e155bf56,minecraft:falling_block,true,Falling Block,[null]
114.5,50.0,-239.5,10de4065-700c-4eaa-902d-ac14c9da6dd7,minecraft:falling_block,true,Falling Block,[null]
126.5,54.0,-236.5,7a93d4d0-387f-41ab-a16b-2eeb67051e86,minecraft:falling_block,true,Falling Block,[null]
127.5,54.0,-235.5,6776a976-822d-4c94-811b-ddd561ec8f11,minecraft:falling_block,true,Falling Block,[null]
126.5,55.0,-235.5,8cd1f8cc-760c-4cd4-b664-c2b7084b5e4c,minecraft:falling_block,true,Falling Block,[null]
125.5,56.0,-235.5,4bb34703-1175-485e-9b2e-73b3080265e8,minecraft:falling_block,true,Falling Block,[null]
111.5,49.0,-239.5,b72ec47e-fa03-452a-8f4b-a8fc729313f9,minecraft:falling_block,true,Falling Block,[null]
111.5,50.0,-238.5,eab34618-8659-45a8-b779-eeb28919e62a,minecraft:falling_block,true,Falling Block,[null]
112.5,50.0,-239.5,0e68a631-bf60-423d-a8f6-5ad13f9375d3,minecraft:falling_block,true,Falling Block,[null]
112.5,51.0,-238.5,6f927abc-365f-48c2-b358-3b33bfb97046,minecraft:falling_block,true,Falling Block,[null]
113.5,51.0,-239.5,39b5ee07-b503-40c0-b65c-bad4034bd624,minecraft:falling_block,true,Falling Block,[null]
114.5,51.0,-239.5,b857fdca-4dc4-4e3c-a7b7-9aa35f93c5bb,minecraft:falling_block,true,Falling Block,[null]
126.5,55.0,-236.5,d07edbd5-3544-4026-af73-1ecbfd791f0d,minecraft:falling_block,true,Falling Block,[null]
127.5,55.0,-235.5,637285b5-4d7b-4c5b-ad01-9abca68e4b81,minecraft:falling_block,true,Falling Block,[null]
126.5,55.0,-234.5,8a649eff-d695-4cf0-9aa0-db1b5ee8670c,minecraft:falling_block,true,Falling Block,[null]
126.5,56.0,-235.5,82a7590c-8d58-4f95-97e4-d076eb25104f,minecraft:falling_block,true,Falling Block,[null]
125.5,57.0,-235.5,22eca607-b444-44a3-9a88-90f1aa5f36b1,minecraft:falling_block,true,Falling Block,[null]
111.5,50.0,-239.5,122cff9f-961a-4a83-a644-a6325c09bf2c,minecraft:falling_block,true,Falling Block,[null]
111.5,51.0,-238.5,e9efa98a-0a19-4db2-88ed-378a1064f3b1,minecraft:falling_block,true,Falling Block,[null]
112.5,51.0,-239.5,86b3fa02-5153-4838-966a-7775e91089a5,minecraft:falling_block,true,Falling Block,[null]
113.5,52.0,-239.5,5de310da-8781-49bb-a75e-0d71b5da722d,minecraft:falling_block,true,Falling Block,[null]
127.5,55.0,-236.5,93dcb3af-d145-405e-881b-e842f2a99c15,minecraft:falling_block,true,Falling Block,[null]
126.5,56.0,-236.5,119c34ea-1cd9-4ea7-8d1e-59b5aac754d1,minecraft:falling_block,true,Falling Block,[null]
127.5,56.0,-235.5,35341bde-af2a-472e-9887-e2ee9805fcf5,minecraft:falling_block,true,Falling Block,[null]
126.5,56.0,-234.5,3b07a5fa-4c98-4221-abfd-c42bde864d22,minecraft:falling_block,true,Falling Block,[null]
126.5,57.0,-235.5,48d6371c-9f67-4921-af95-99f698605e8b,minecraft:falling_block,true,Falling Block,[null]
111.5,51.0,-239.5,fc2b7994-6508-4dad-ac2b-8d292b93b153,minecraft:falling_block,true,Falling Block,[null]
112.5,52.0,-239.5,fe23193f-dee4-4a96-aa77-b40c81a8b41e,minecraft:falling_block,true,Falling Block,[null]
127.5,56.0,-236.5,bb42e97d-c372-4669-9dee-b56e643d9156,minecraft:falling_block,true,Falling Block,[null]
161.2507175358391,-5.0,-183.125,553025c3-1f8c-4831-8532-b72ea82287ab,minecraft:item,true,Substilium Roots,[null]
165.0,64.0,-245.0,5f769994-95b6-4102-908c-ec2809df0813,minecraft:pig,true,Pig,[null]
164.0,64.0,-248.0,275b977f-f91e-45c5-823a-37afc13cb7d6,minecraft:pig,true,Pig,[null]
164.0,64.0,-249.0,b561c1ee-f39e-45cf-abe2-66151fb176bf,minecraft:pig,true,Pig,[null]
166.0,64.0,-253.0,b6a7b986-f3cd-4e21-8439-c9d43ab8ed0c,minecraft:pig,true,Pig,[null]
163.0,64.0,-239.10000002384186,19116ce8-b8b6-4fd2-953d-01f364c203bb,minecraft:pig,true,Pig,[null]
162.0,64.0,-239.0,eeab953c-d82c-4ee7-b7d3-eed59a02a34a,minecraft:pig,true,Pig,[null]
162.0,64.0,-236.0,12dd791f-d7f1-4e03-aa19-5da356687708,minecraft:pig,true,Pig,[null]
161.0,64.0,-237.0,45728cf7-896b-4180-8b78-9ab9f044ac90,minecraft:pig,true,Pig,[null]
163.0,64.0,-237.0,98d2ffb0-ad3f-4a61-8555-d61143399af0,minecraft:chicken,true,Chicken,[null]
165.0,64.0,-238.0,86736dac-4578-40b1-9535-20d42b1ee2d8,minecraft:chicken,true,Chicken,[null]
165.0,64.0,-239.59999999403954,16771e3d-7443-471b-862f-03bab0d35587,minecraft:chicken,true,Chicken,[null]
166.0,64.0,-239.0,81b1856c-3493-4180-b56c-0b0dd8945175,minecraft:chicken,true,Chicken,[null]
196.35796026381612,13.50068745787291,131.67153980590928,32bee6af-f221-49cd-832a-94ae81871277,minecraft:item,true,Hanging Vibrion Vines,[null]
196.40319932862099,12.265726033323109,131.2995712651252,9564a8d4-4670-430e-a5bb-72d332d3a131,minecraft:item,true,Hanging Vibrion Vines,[null]
198.5091821748006,8.43414714550445,137.57301102761983,aac71151-5058-47ca-93cc-5bbb3bbb7600,minecraft:item,true,Hanging Vibrion Vines,[null]
198.28005726420864,7.508984989764109,137.28360545592324,4acd8b13-8796-43e7-977e-5c2fdaec2f77,minecraft:item,true,Hanging Vibrion Vines,[null]
199.40160761821684,8.544348523930815,135.65183146129138,06612d06-b54b-4c5e-a32f-03c7e868f2ed,minecraft:item,true,Hanging Vibrion Vines,[null]
207.3142840156971,8.480396589429366,137.53400811300702,2834df6a-c905-482d-8707-a8a93100539f,minecraft:item,true,Hanging Vibrion Vines,[null]
203.06979621172871,64.0,131.6339469144218,8cf6f2f4-6773-4b09-a4b4-6af03d2070b3,minecraft:villager,true,Villager,[null]
202.92500001192093,65.0,142.07499998807907,eb46948e-8604-4409-b0c4-00e11a241c0b,minecraft:cow,true,Cow,[null]
202.07499998807907,65.0,142.92500001192093,a03dc60e-5122-464e-b19d-2b0d04dd4da0,minecraft:cow,true,Cow,[null]
220.0,63.0,-258.0,f386e755-0851-42c2-a15b-be3632380b56,minecraft:cow,true,Cow,[null]
220.0,63.0,-257.0,88723606-b623-4f76-b52e-ced192898a05,minecraft:cow,true,Cow,[null]
221.0,63.0,-259.0,281b7da5-3267-4fd3-af46-1857bb3a361f,minecraft:cow,true,Cow,[null]
218.0,63.0,-261.0,f8d0928a-057e-4157-a843-5cf8d545cf33,minecraft:cow,true,Cow,[null]
213.67255392658274,13.5828913787851,140.6070783776264,f387e5e9-3a7e-4d7b-bb38-071cafeac63b,minecraft:item,true,Hanging Vibrion Vines,[null]
215.35452662352458,16.399451400778428,125.45795737356529,fd908dee-b1b0-4b95-b707-d6e8c70e5ca5,minecraft:item,true,Vibrion,[null]
216.54448498642753,16.450428635895413,125.57810084176401,df410353-abf5-4fcd-b8ed-61bdebcb5a3c,minecraft:item,true,Vibrion,[null]
197.7204986190856,64.0,150.63145528989816,b7c15f9b-7be9-419d-9bdf-557fc1d2cadb,minecraft:villager,true,Villager,[null]
225.396484375,63.0,129.396484375,35b1cceb-ea19-4262-97ad-44901bab54b8,minecraft:donkey,true,Donkey,[null]
240.89999997615814,66.0,-135.0,3fd958b8-675a-4168-9263-51f9f9b21fa4,minecraft:cow,true,Cow,[null]
247.50001729817376,70.0,74.55000001192093,470318e9-3b42-4d95-b44a-8ba3742e4b71,minecraft:sheep,true,Sheep,[null]
248.5907416124733,68.0,69.51975641786426,d0e3630c-50fb-49ea-882e-4fbfbe51206b,minecraft:sheep,true,Sheep,[null]
240.5857814292997,67.0,73.55000001192093,9d1109c9-8e24-44b2-82e1-15b4bbdc623f,minecraft:sheep,true,Sheep,[null]
247.91035878744395,66.0,63.78022919175936,ed42eee3-6294-4049-a396-ea5395a04c40,minecraft:sheep,true,Sheep,[null]
174.33543870944848,-12.0,-121.42582869871391,abb42464-e1fb-416b-a275-9fc6d1c064a8,minecraft:item,true,Substilium Roots,[null]
190.875,-13.0,-11.875,ec90a1a9-49b2-41f8-843f-e0a67b7b83b1,minecraft:item,true,Substilium Roots,[null]
185.125,45.362748366171324,-44.125,5cf48876-6767-4319-9203-b6aa9d2d45cf,minecraft:item,true,Hanging Vibrion Vines,[null]
190.125,46.37268556637204,-83.875,55530cc6-f881-4a59-bf73-b5452d8b7846,minecraft:item,true,Hanging Vibrion Vines,[null]
185.91136003456222,3.0,80.37802306678347,c66054b2-28e0-4304-9c12-b8fd6590fe82,minecraft:item,true,Vibrion,[null]
-66.27380151292728,43.404703660179216,-205.38479859217009,47063449-14a8-4380-b016-41f82c8c1120,minecraft:item,true,Vibrion,[null]
178.62715558835964,11.0,78.56591494409922,56be555f-a1da-4502-abe8-e65d8351a8f7,minecraft:item,true,Hanging Vibrion Vines,[null]
205.29294237380475,37.30103309107196,-207.5944776777238,8d17bef7-0382-41e1-825f-9c7f27649f91,minecraft:item,true,Hanging Vibrion Vines,[null]
203.30810699718705,38.43282211958006,-205.47361977401198,3521c90a-6526-4e0f-8118-f5d4b667cf5a,minecraft:item,true,Hanging Vibrion Vines,[null]
201.6114855169468,38.28808810404726,-203.48128978213504,5fe794ce-6263-4e74-ab77-24b9486717c3,minecraft:item,true,Hanging Vibrion Vines,[null]
195.875,41.587931266630896,-8.125,72f26129-336a-4afa-aec0-ac26addb7cc6,minecraft:item,true,Hanging Vibrion Vines,[null]
201.8853313596234,39.75,-37.125,434fc04f-a011-44a9-83dd-19bd3349b0a9,minecraft:item,true,Hanging Vibrion Vines,[null]
256.89999997615814,73.0,81.0,8a7fecd5-effd-4950-a5e5-26430a4cd790,minecraft:sheep,true,Sheep,[null]
264.44999998807907,68.0,75.11752121729971,3134ce76-ba05-44e6-83b1-7ff3d571fe34,minecraft:sheep,true,Sheep,[null]
263.1585311182809,73.0,82.43517210425834,9b270424-dc7c-4949-8f53-031da5bc4276,minecraft:sheep,true,Sheep,[null]
266.618972583094,73.0,87.65352705236917,252c6577-db26-432a-aa5e-e2e5601cb967,minecraft:sheep,true,Sheep,[null]
263.0,70.0,105.0,71d85f28-25c6-488b-b183-7b7ced64531d,minecraft:chicken,true,Chicken,[null]
208.7124706869892,-10.0,2.559014764614624,87722861-8bcc-4bf5-b924-9e5f390f152d,minecraft:item,true,Vibrion Roots,[null]
218.29306458573234,40.12625514384902,-196.54447375659623,3ab1f8da-0f9f-479c-8bf1-4c21aca9d837,minecraft:item,true,Hanging Vibrion Vines,[null]
211.55894280005035,16.421317245883433,-205.40177478383967,a493afa2-6046-4c19-a5e9-a5c96ba63696,minecraft:item,true,Hanging Vibrion Vines,[null]
213.505744553567,50.75,-131.875,37c21b3a-3ce7-4f2e-961d-3d0a804aad98,minecraft:item,true,Hanging Vibrion Vines,[null]
208.5910632477006,38.147818191598226,-193.6437597599693,0f21064d-462b-480b-9f2f-60563ce9f830,minecraft:item,true,Hanging Vibrion Vines,[null]
216.125,52.75,-137.99764674254496,bf14fd51-6552-437b-a5bf-7c20b7947b65,minecraft:item,true,Hanging Vibrion Vines,[null]
221.51778753618308,19.394068223462586,-176.38619916205533,57bd6249-173b-4383-9449-2bcf396b0d66,minecraft:item,true,Hanging Vibrion Vines,[null]
213.125,50.75,-150.79494787302934,59c95fcc-16d6-4da0-b71d-c02ab8039819,minecraft:item,true,Hanging Vibrion Vines,[null]
218.10087580444858,48.75,-118.125,151af48e-3a52-40e3-8ae8-61bd73a3f3d6,minecraft:item,true,Hanging Vibrion Vines,[null]
210.87006534474776,-26.0,84.43917542527598,d3290423-61b2-4320-870d-ee35bdf10fed,minecraft:item,true,Hanging Vibrion Vines,[null]
192.67312304339126,55.47738953685519,100.25746603649729,8a739d9e-1f5a-418b-b0db-f189bc8765d6,minecraft:item,true,Hanging Vibrion Vines,[null]
186.4355917681311,3.0,79.21936714010427,d4eab748-15b0-43b7-ba53-e9fa68dd8937,minecraft:item,true,Hanging Vibrion Vines,[null]
183.61310396851417,5.0,80.875,cbec4743-14a2-4606-9e9f-4c55bd354d78,minecraft:item,true,Hanging Vibrion Vines,[null]
281.0,68.0,95.0,d1a047f5-96b8-43ef-b3a2-45935a6cedd2,minecraft:chicken,true,Chicken,[null]
284.0,68.0,116.0,13a8bad0-28a7-43f5-82fd-0a552cb4f9cf,minecraft:chicken,true,Chicken,[null]
280.0,69.0,114.0,1559db91-c9a4-42aa-a74d-15ba1e812bb3,minecraft:chicken,true,Chicken,[null]
276.0,68.0,114.0,7ff78f6e-753d-4577-b9f6-8b8219f5c973,minecraft:chicken,true,Chicken,[null]
278.0,68.0,115.0,ea6d54bb-a11e-4b24-8b34-c3d79d9b324a,minecraft:chicken,true,Chicken,[null]
236.4744117327257,7.0,-120.98652086113793,062be206-761e-4d9e-ae1d-1f1ff83d7c9a,minecraft:item,true,Vibrion,[null]
235.74962963873293,-5.0,14.21858056929237,77cf443a-df03-4912-a272-2044cb5f396e,minecraft:item,true,Vibrion Roots,[null]
236.4584062647238,-32.0,-68.8530297071502,9e2dce77-439d-4e23-aa06-58aaafc0c010,minecraft:item,true,Vibrion,[null]
228.54537042230334,-28.0,-72.61542494400136,41674041-ed0e-4d34-95ac-f0c8f211bd68,minecraft:item,true,Vibrion,[null]
228.37867908094256,54.75,-142.98600196616104,0d2eff72-34fe-4f6c-9993-69cac5d18e79,minecraft:item,true,Hanging Vibrion Vines,[null]
229.57329519660234,54.75,-144.90026631290598,fcb03936-92bf-4d30-b7af-8afd3233f600,minecraft:item,true,Hanging Vibrion Vines,[null]
230.125,54.75,-141.61040564918235,6ab336e3-a315-48af-9d32-e43d7b22350b,minecraft:item,true,Hanging Vibrion Vines,[null]
233.875,52.75,-27.899822436249334,651d1cdc-11c5-4df2-ac6b-28411b7ae2f5,minecraft:item,true,Hanging Vibrion Vines,[null]
233.125,38.75,-15.125,0c58255b-6a05-4b62-973b-dd2f5cd05bf1,minecraft:item,true,Hanging Vibrion Vines,[null]
234.875,53.75,-141.97267259244083,c972c5c4-5b39-46b8-a16a-662ac09c8fa2,minecraft:item,true,Hanging Vibrion Vines,[null]
237.5008635775744,34.75,-152.77148945378647,2dc377bd-4024-4606-aa5b-60019a8dcde2,minecraft:item,true,Hanging Vibrion Vines,[null]
288.01489539562033,70.0,1.029201062757954,30f09e10-19c0-4b66-9040-a6aa0f1d9cd9,minecraft:cow,true,Cow,[null]
185.94509939436347,3.0,80.63134205841553,12d5e5c8-f399-4c8c-b949-a2d012b1c0e9,minecraft:item,true,Vibrion Roots,[null]
254.875,-9.0,11.223255176970813,8bc1f712-6d68-4046-b46e-cfdfa719f368,minecraft:item,true,Vibrion Roots,[null]
246.88648761235504,-8.0,18.714795380345677,20c381f5-8543-4fca-bcc6-b5832e3d9614,minecraft:item,true,Vibrion,[null]
254.125,-12.0,-119.23099156220096,e9bc4252-5aa6-40b0-9726-1578441f7dc6,minecraft:item,true,Vibrion Roots,[null]
256.055593534098,12.0,-113.83604035133226,9056a03a-103c-462a-90b7-e9a84917590c,minecraft:item,true,Vibrion Roots,[null]
246.4606678585775,6.0,-121.125,f2f1d1e4-20f7-4d7c-8efd-46596cc27966,minecraft:item,true,Vibrion,[null]
249.9494035851806,6.0,-125.84215093847224,c8dbf716-ab88-4dad-b005-ae106ac68e73,minecraft:item,true,Vibrion,[null]
244.125,13.75,-103.875,7e94974d-8c14-4a16-b197-40cfc2e8957b,minecraft:item,true,Hanging Vibrion Vines,[null]
240.14373920538915,44.75,-73.125,efc3c55c-bba6-4372-aba6-b4294546d3a9,minecraft:item,true,Hanging Vibrion Vines,[null]
254.875,53.44286937148468,-94.125,9bf39182-a428-4745-bd08-20e7d1beee58,minecraft:item,true,Hanging Vibrion Vines,[null]
249.40871758667475,48.0,-80.37876385952154,4f961396-a7cf-480c-8af2-4e143536df80,minecraft:item,true,Hanging Vibrion Vines,[null]
255.32921001267857,59.75,-126.875,8f27ca33-9d8a-4193-87a3-d94920bdbc9c,minecraft:item,true,Hanging Vibrion Vines,[null]
252.125,48.75,-83.875,40b53d06-275a-46fb-8406-dd768ededd88,minecraft:item,true,Hanging Vibrion Vines,[null]
268.5516752648799,-17.0,-88.82190313655188,b91641a0-2a3e-4c0d-a868-e60cb4d97f4f,minecraft:item,true,Substilium Roots,[null]
270.37547617920205,-17.0,-92.9333138992173,de70adfa-5568-4c24-b655-7114ad2a36a4,minecraft:item,true,Vibrion Roots,[null]
271.17636579166236,-11.0,8.731539908605434,9ce6dfdf-7fdf-4224-8f74-3c5a94307a03,minecraft:item,true,Vibrion,[null]
260.49407361077516,-8.0,13.251009621190631,7dfd483c-926b-4731-a971-7291b16213cc,minecraft:item,true,Vibrion Roots,[null]
262.125,-17.0,-107.71385426193031,f1f8177a-4ae0-4a6a-af52-59df6f94135d,minecraft:item,true,Vibrion,[null]
259.40106837899793,10.0,-118.1875,2ad40c0b-d18b-4b36-bd4c-762e835bde04,minecraft:item,true,Vibrion Roots,[null]
257.1375217038941,10.0,-118.63717441343518,052e9e5a-6db5-4547-87dd-61a55ee313fc,minecraft:item,true,Vibrion Roots,[null]
268.79093576379876,-16.0,-46.77060913857233,e8fc18b0-8b0e-4638-982c-4aec78ae9b2a,minecraft:item,true,Vibrion Roots,[null]
258.125,0.0,45.58071186790302,4f815c37-9e2f-487e-b294-71e840d5ad3a,minecraft:item,true,Vibrion Roots,[null]
267.84184690364543,46.75,-40.125,61b79236-4212-4c0f-a182-f25610b81c1b,minecraft:item,true,Hanging Vibrion Vines,[null]
255.125,60.75,-124.875,f6bc851b-5272-426e-ae59-d864b1ba8497,minecraft:item,true,Hanging Vibrion Vines,[null]
262.875,58.517313476045324,-119.125,9bd4469e-6441-4203-9e66-b238723f3875,minecraft:item,true,Hanging Vibrion Vines,[null]
256.36886293737797,61.75,57.220899541068746,6d16cb49-11d7-4d71-b37c-b629b693f072,minecraft:item,true,Hanging Vibrion Vines,[null]
263.125,47.75,-45.875,7c0f9c35-43f9-4f4e-a1f7-234fdea4e908,minecraft:item,true,Hanging Vibrion Vines,[null]
261.875,58.75,62.875,7271d797-139d-4b4c-9244-698cd169e42b,minecraft:item,true,Hanging Vibrion Vines,[null]
260.3460834357008,60.75,-119.875,4e0b398b-676d-42cd-934f-02f33b889fa8,minecraft:item,true,Hanging Vibrion Vines,[null]
263.125,46.42841881895916,-38.125,88ad9d40-0d4c-43bc-b763-be7a195f9c04,minecraft:item,true,Hanging Vibrion Vines,[null]
265.875,45.75,-51.1001908388488,f64cc65c-c35a-42d8-aedd-765a1c771525,minecraft:item,true,Hanging Vibrion Vines,[null]
258.125,55.75,9.758534898765946,c2352872-ca94-4227-ae84-3cb2ebaae07f,minecraft:item,true,Hanging Vibrion Vines,[null]
259.5,-42.0,-188.5,092c4f71-c0db-490a-9525-5c9989c49913,minecraft:falling_block,true,Falling Block,[null]
260.5,-43.0,-187.5,209c48c4-960e-449e-abdd-212ded5b0419,minecraft:falling_block,true,Falling Block,[null]
260.5,-42.0,-188.5,7d6661c3-5e43-4666-90ab-3a900532fdf2,minecraft:falling_block,true,Falling Block,[null]
259.5,-43.0,-187.5,9d415bcd-de99-44ec-ba25-324cbc0f5cb3,minecraft:falling_block,true,Falling Block,[null]
260.5,-42.0,-187.5,dc916a69-b7d7-4a3f-9513-4f41c6906087,minecraft:falling_block,true,Falling Block,[null]
259.5,-42.0,-187.5,65228b59-6d9f-44aa-b6d6-bf7f7aa50c89,minecraft:falling_block,true,Falling Block,[null]
259.5,-41.0,-187.5,5b193e31-b3af-4671-9557-dba4246e12b6,minecraft:falling_block,true,Falling Block,[null]
294.0,64.0,-30.0,4a9bcf86-dafb-44b6-b271-26527837d7c5,minecraft:cow,true,Cow,[null]
296.0,64.0,-31.0,53002fd4-a198-4f93-a150-c499cdd152cf,minecraft:cow,true,Cow,[null]
296.0,64.0,-31.0,a62d686c-44a6-4e2f-be0d-44413bf52e8b,minecraft:cow,true,Cow,[null]
297.0,64.0,-28.0,29fc6d88-9969-4660-a3b3-7073e9a174f8,minecraft:cow,true,Cow,[null]
285.125,12.0,-35.125,9d29481b-7017-44cf-a05b-7cc462d88f05,minecraft:item,true,Vibrion,[null]
288.40000000596046,67.0,-139.0,07ba0ee0-7415-40d8-b7d8-a19efd7a4f05,minecraft:chicken,true,Chicken,[null]
290.0,67.0,-138.0,72787970-f3d7-4b29-95c6-dff084852256,minecraft:chicken,true,Chicken,[null]
289.0,66.0,-135.0,b1698a20-dbe3-406d-ad0b-6eae35dc0163,minecraft:chicken,true,Chicken,[null]
289.0,66.0,-134.0,0df9b1f9-53c3-49c4-97b5-e0fa007f53ca,minecraft:chicken,true,Chicken,[null]
287.4531273734351,-17.0,-29.875,695a1c10-cd26-42c9-8a85-095b57db6981,minecraft:item,true,Substilium Roots,[null]
284.875,-6.0,-35.125,3686116f-b21a-4dc4-a79a-34daddad8f1a,minecraft:item,true,Substilium Roots,[null]
278.5165213266028,-17.0,-45.62320235080544,b4ec9bf5-f225-42d5-bbd5-98cd71ac8539,minecraft:item,true,Vibrion Roots,[null]
288.0413653532724,-16.97865899037692,-39.177526899347555,ebf7d1aa-506d-44b4-a87d-54969c36e323,minecraft:item,true,Vibrion Roots,[null]
273.58004002597016,13.0,83.125,ebf19a07-e0a2-478f-a1a7-5fbf6b147b5a,minecraft:item,true,Vibrion Roots,[null]
278.94767321986495,15.0,92.03072302898286,fb273950-87b8-4c82-9b49-1eee013fb5d2,minecraft:item,true,Vibrion,[null]
282.2549927975647,24.0,-52.58434192030805,2a962cb9-703c-4997-9923-116f023229bb,minecraft:item,true,Vibrion Roots,[null]
285.125,12.47738903062207,-23.125,0e248a4c-290d-4bbc-8220-8bf699eccfbf,minecraft:item,true,Hanging Vibrion Vines,[null]
286.21528299174565,8.75,-29.875,076696e5-a89b-46b6-8246-c0e34c6730b1,minecraft:item,true,Hanging Vibrion Vines,[null]
287.875,8.75,-30.875,9d719f97-e6ef-4c86-a723-a362682bc6dc,minecraft:item,true,Hanging Vibrion Vines,[null]
274.125,-41.25,71.125,8e1f6bad-6644-42ac-b995-0cc9a1fa3743,minecraft:item,true,Hanging Vibrion Vines,[null]
275.875,-41.25,77.875,4a4fa06d-9bbe-4a26-98f5-12ddc33fbd59,minecraft:item,true,Hanging Vibrion Vines,[null]
285.67196474719805,53.43882563566646,96.38930408672036,c3519f37-8934-41c0-ae4d-6e79edbec512,minecraft:item,true,Hanging Vibrion Vines,[null]
281.9622040975079,52.75,-150.67135020761987,3a5d18bf-c999-4930-9237-dc700c2a8580,minecraft:item,true,Hanging Vibrion Vines,[null]
282.40141523596986,57.75,-118.9150641762496,dca7e281-2f90-4b73-8b03-41f68c17c44e,minecraft:item,true,Hanging Vibrion Vines,[null]
282.6803075324007,55.75,63.464514887711076,aa1fa9a7-b4d4-40bc-b26f-5e62f5e72903,minecraft:item,true,Hanging Vibrion Vines,[null]
285.4870449509852,52.24224981095658,96.4139207699338,5db621aa-1c1f-4333-addd-af705a0bea56,minecraft:item,true,Hanging Vibrion Vines,[null]
282.125,41.49122847795144,-166.875,75faca79-8e94-4a88-be4c-a10274a632cd,minecraft:item,true,Hanging Vibrion Vines,[null]
281.260010804113,59.75,-104.54972578769899,b6811f85-be6c-46da-a864-89c46e3fae5f,minecraft:item,true,Hanging Vibrion Vines,[null]
276.99285759623797,59.75,-103.71218735403589,9f79e4f4-208f-4212-b4a6-98f0687a86f4,minecraft:item,true,Hanging Vibrion Vines,[null]
278.413440716682,38.483332273515835,-65.125,dbb98426-1aca-42b4-9c42-ad6f81023d1b,minecraft:item,true,Hanging Vibrion Vines,[null]
287.5,15.0,-191.5,ef21e12f-cca3-411b-aec2-8887c117b915,minecraft:falling_block,true,Falling Block,[null]
287.5,16.0,-191.5,bf233de8-fc20-419d-bca6-e4756a06dc94,minecraft:falling_block,true,Falling Block,[null]
300.4400786675501,30.38811192644624,43.478459070179575,5bb258c3-22a6-4f7b-aa41-36a0ec446bc7,minecraft:item,true,Substilium Roots,[null]
293.73666557247776,16.265394475217335,-5.292858045874663,58ea9c91-6abd-42fb-a764-fde2f7461a40,minecraft:item,true,Hanging Vibrion Vines,[null]
296.6919484701784,43.46138401866746,37.74012573057894,4659c94c-97cb-4b46-b9b5-f7a3bc0f2648,minecraft:item,true,Hanging Vibrion Vines,[null]
289.73038496992945,62.4071138938957,25.517639421272428,35d0e56d-c087-4e3d-a316-92d9f4cb0c51,minecraft:item,true,Hanging Vibrion Vines,[null]
295.7285883919941,46.567789162961475,35.42550313026144,fd0dc65d-d173-433e-945d-2460d1c57539,minecraft:item,true,Hanging Vibrion Vines,[null]
292.26847962090244,44.24029010576917,36.33893321673967,fadbda23-151d-42af-9091-865745c57253,minecraft:item,true,Hanging Vibrion Vines,[null]
288.3874629069101,52.37268347103545,24.458673185575513,850d4898-b1ec-469b-a19d-ff18c3e8d2a7,minecraft:item,true,Hanging Vibrion Vines,[null]
303.4473807138748,44.165136555530296,19.74035075783081,461190ed-5c38-4543-aadb-b091ab39b005,minecraft:item,true,Hanging Vibrion Vines,[null]
292.6597326487954,55.164718591961986,-102.42432851368379,85b12908-0a1e-4d2e-aeef-dc8f4d4f938d,minecraft:item,true,Hanging Vibrion Vines,[null]
298.5,-34.0,-126.5,e0666069-288a-4a4b-bc0d-2dd9e22a83aa,minecraft:falling_block,true,Falling Block,[null]
300.5,-22.0,-112.5,9aec63f4-af31-4c77-ba24-32bc1b1970de,minecraft:falling_block,true,Falling Block,[null]
300.5,-23.0,-112.5,a42e418c-f568-4ad1-bf1f-cac8747284db,minecraft:falling_block,true,Falling Block,[null]
300.5,-24.0,-112.5,3c676818-7b0c-48ae-bccb-e3aab077887a,minecraft:falling_block,true,Falling Block,[null]
300.5,-25.0,-112.5,2bc66b4b-c3c8-4e7d-823b-2b30d94070a5,minecraft:falling_block,true,Falling Block,[null]
300.5,-26.0,-112.5,ea9bc27f-349c-4e01-8f2b-55fb706df44d,minecraft:falling_block,true,Falling Block,[null]
300.5,-27.0,-112.5,ffe4296e-f84e-4cfc-bf4b-12963379d481,minecraft:falling_block,true,Falling Block,[null]
290.54105040725756,42.58812705037984,-94.60906657578201,907c24b5-a0bc-4fdc-a08a-4b7920fe3807,minecraft:item,true,Hanging Vibrion Vines,[null]
297.5,-34.0,-126.5,f94f45c1-505e-4ee1-8399-3b5ca3fbab7f,minecraft:falling_block,true,Falling Block,[null]
303.31737104394887,11.562916419702491,-166.70759972809918,f08ec4fe-1f30-477c-b21e-e7aaa236f358,minecraft:item,true,Hanging Vibrion Vines,[null]
299.6238905305596,15.594662839564593,9.727351219285456,1b25a2b5-ca2f-42bc-a7aa-222557cb8ddf,minecraft:item,true,Substilium Roots,[null]
278.2617114656327,-7.0,-38.52455573161363,24db2a9b-22f8-45af-b9ea-71407f850cfa,minecraft:item,true,Substilium Roots,[null]
303.3144392422809,54.385987059995365,60.74275321561987,54287994-9bef-439e-8350-bcc60ccb3771,minecraft:item,true,Hanging Vibrion Vines,[null]
298.35904911508663,43.269707819974,57.5318950015323,11476de0-ec29-4008-b9b0-92cb1306164e,minecraft:item,true,Hanging Vibrion Vines,[null]
297.52182896848177,45.412511123565096,61.53073634635842,9b3f8c24-a0ab-459b-93f8-5c71092959f1,minecraft:item,true,Hanging Vibrion Vines,[null]
296.4472012363069,42.57445171379364,58.27308456904843,7e0e43f7-6c35-4131-9ad8-27b9966acb63,minecraft:item,true,Hanging Vibrion Vines,[null]
295.4102022051657,43.23302530188455,62.67024927762094,7c312acb-8c24-4b1d-97fa-7d5ca1184fbe,minecraft:item,true,Hanging Vibrion Vines,[null]
297.61888183949503,41.21359646535757,55.255977891343775,ddffd638-41dd-4541-92f1-4766f696efb5,minecraft:item,true,Hanging Vibrion Vines,[null]
298.5,-2.0,-163.5,0890827e-4e87-43b3-947c-27d30a89ff65,minecraft:falling_block,true,Falling Block,[null]
296.5,-34.0,-126.5,764ce6d9-a9d9-4eed-bbeb-3a3d0f39caa5,minecraft:falling_block,true,Falling Block,[null]
297.5,-34.0,-127.5,ae05d677-3ff9-4716-89c8-02fda5458476,minecraft:falling_block,true,Falling Block,[null]
297.5,-34.0,-125.5,151593ce-dfc9-4313-8dcd-1de48faf9a1e,minecraft:falling_block,true,Falling Block,[null]
297.5,-33.0,-126.5,7f8481cc-37fd-4c7b-b4a7-f37f244a1a55,minecraft:falling_block,true,Falling Block,[null]
295.6768437254483,1.377472531187275,-31.459598494777527,0ce3bb42-6687-42a7-8d76-470a300493f4,minecraft:item,true,Hanging Vibrion Vines,[null]
295.51413867946883,2.350099582379356,-31.356980045301402,bd300185-9e2d-41d8-9ab5-cb503238d413,minecraft:item,true,Hanging Vibrion Vines,[null]
297.52815592123574,6.311816868063279,-20.496763831742935,b1b4621b-aeab-49f3-bc42-b8ef9d5089f7,minecraft:item,true,Hanging Vibrion Vines,[null]
297.67726800561076,5.243578644043982,-20.632470185478237,51c2165a-0594-4f71-933a-ddc7ecc97fc3,minecraft:item,true,Hanging Vibrion Vines,[null]
288.3709225665861,16.232891470972813,-20.60532245520031,9814b7c7-a23e-4a07-b9e6-f96de3c60758,minecraft:item,true,Vibrion Roots,[null]
301.48738196343373,-39.820652687847314,-26.40549109250391,11fbd3c8-ac58-40e0-9d6c-808ee2788045,minecraft:item,true,Hanging Vibrion Vines,[null]
299.6726870980522,-39.67046533360693,-23.66975361640325,13113654-44be-4b78-a9e8-f0cc6f1a4688,minecraft:item,true,Hanging Vibrion Vines,[null]
292.42970712674855,-38.61841358551624,-23.671379130564958,c52b0c86-194a-4001-a98b-8c3de16f8765,minecraft:item,true,Hanging Vibrion Vines,[null]
290.57204645893484,10.32209980274526,-17.48017789674292,df1ec2b1-82d0-4947-a98b-80d4e6d17488,minecraft:item,true,Hanging Vibrion Vines,[null]
298.6424488822598,6.353469229514808,-22.687869000705007,38efcbef-3274-4a32-8b6c-6b32ed39e247,minecraft:item,true,Hanging Vibrion Vines,[null]
295.5,-34.0,-126.5,7dde6e18-2795-4e09-af47-63949290c3ee,minecraft:falling_block,true,Falling Block,[null]
296.5,-34.0,-127.5,551c400d-fa69-4e4a-bfbe-64384c1eb4f2,minecraft:falling_block,true,Falling Block,[null]
296.5,-34.0,-125.5,f7339876-119f-4181-b09c-57f96c9488a8,minecraft:falling_block,true,Falling Block,[null]
296.5,-33.0,-126.5,c79e2a45-2305-4e9e-b7fb-a3e732fa4326,minecraft:falling_block,true,Falling Block,[null]
297.5,-33.0,-127.5,830a690a-021b-4978-a734-0f0138966db2,minecraft:falling_block,true,Falling Block,[null]
297.5,-33.0,-125.5,4c1732b1-1ec1-4765-8f07-63b75d22f977,minecraft:falling_block,true,Falling Block,[null]
295.3712160586315,52.18271883633916,70.34428410119403,363369ef-fac6-4f50-9b07-77930215e565,minecraft:item,true,Hanging Vibrion Vines,[null]
289.6346679253399,16.424208934208558,-45.55110161007345,545a730b-8e75-41c9-898b-1c08f16240cf,minecraft:item,true,Vibrion Roots,[null]
288.4996094496587,16.436436366340097,-42.34471879420105,221649d5-7c76-4f0a-af23-c6ab150f59cf,minecraft:item,true,Vibrion Roots,[null]
292.5317837410617,-18.427048558830982,-69.74862461424503,d50475be-53ea-4dec-8170-18c164c0c4c5,minecraft:item,true,Substilium Roots,[null]
290.57971872453976,16.189750128396376,-41.6245306291274,6c674e80-cc1b-4706-af98-a9acee31b8fe,minecraft:item,true,Hanging Vibrion Vines,[null]
300.70765933935445,13.347348303217888,-32.35446005446425,84e95482-f66d-461a-8fd5-eedbc3f1ff24,minecraft:item,true,Hanging Vibrion Vines,[null]
297.41608458255917,13.315582800918266,-42.2525365081504,689dc650-ca1f-436e-9086-2a6fbee21b15,minecraft:item,true,Hanging Vibrion Vines,[null]
297.3528871281686,-37.78971617974698,-34.44725156989732,d6c1fcf9-cb69-4520-85e0-bcb058691880,minecraft:item,true,Hanging Vibrion Vines,[null]
292.4629169722524,-38.76375736681705,-35.6851925119743,61c33a3f-7977-4151-bba9-c40114d62d27,minecraft:item,true,Hanging Vibrion Vines,[null]
303.36115627821795,15.169643263059406,-47.53086923175331,3b6c43e3-e552-4439-9c4f-b6d221466c01,minecraft:item,true,Hanging Vibrion Vines,[null]
301.4546911168759,15.465167101330769,-48.45307319866332,51f7d031-c746-47c4-ae2b-dcf3f54a2516,minecraft:item,true,Hanging Vibrion Vines,[null]
301.4010598245652,41.50268239753672,-63.45785045315755,b5209cfd-32f0-4fe2-9645-a29b9ac57eec,minecraft:item,true,Hanging Vibrion Vines,[null]
300.543657798145,14.172592703301662,-52.589173107986795,a11c337c-2d07-42c6-a51e-2bcc1970c00c,minecraft:item,true,Hanging Vibrion Vines,[null]
302.3213414181695,15.518954145856277,-74.30108296609556,3e0c2c34-8527-41b1-ac17-a74f715f17af,minecraft:item,true,Hanging Vibrion Vines,[null]
297.69829466916616,14.455643227700765,-77.61038087433577,e7734ccf-0f57-4fa6-990b-856e28b1d54a,minecraft:item,true,Hanging Vibrion Vines,[null]
302.5238854969986,16.53112365048136,-73.65610087678147,efcff54e-967e-4b29-b334-de55e1c16a8e,minecraft:item,true,Hanging Vibrion Vines,[null]
295.5,-34.0,-127.5,7769b409-a920-40e0-b618-bd3005d60a26,minecraft:falling_block,true,Falling Block,[null]
295.5,-33.0,-126.5,f2a27e1b-7fa3-4a73-a340-b83e2dd08a76,minecraft:falling_block,true,Falling Block,[null]
296.5,-34.0,-128.5,1ace6350-963e-41c9-91fb-74da793b6ae1,minecraft:falling_block,true,Falling Block,[null]
296.5,-33.0,-127.5,a99b255d-cce2-4088-a5eb-d67714fabdc5,minecraft:falling_block,true,Falling Block,[null]
296.5,-33.0,-125.5,dd282b63-24c2-4b8f-9abe-cfe6b97a9785,minecraft:falling_block,true,Falling Block,[null]
296.5,-32.0,-126.5,09c2927a-10c7-4b50-8a77-5682b086a790,minecraft:falling_block,true,Falling Block,[null]
297.5,-32.0,-127.5,a87f29a0-3f93-4f0b-9ca0-b396b3ade4e6,minecraft:falling_block,true,Falling Block,[null]
298.5,36.0,-56.5,4ab832f8-5d23-4822-ad91-a169074415db,minecraft:falling_block,true,Falling Block,[null]
298.5,41.0,-66.5,0d9a270a-4d01-4ec0-aff5-fc7f1f6f45d8,minecraft:falling_block,true,Falling Block,[null]
295.5,-34.0,-128.5,28cd1e61-cb2f-4756-a056-7270e38da6b2,minecraft:falling_block,true,Falling Block,[null]
295.5,-33.0,-127.5,ee6755dc-87e6-46d8-83ae-94d004256836,minecraft:falling_block,true,Falling Block,[null]
296.5,-33.0,-128.5,f8b07af8-2f55-4456-8291-820ce1e55ca1,minecraft:falling_block,true,Falling Block,[null]
299.5,36.0,-56.5,c7dc38bc-0f35-4f0c-8cb2-4685d0d1a081,minecraft:falling_block,true,Falling Block,[null]
298.5,37.0,-56.5,5c1d04c6-0124-4407-8788-88be0e81bbef,minecraft:falling_block,true,Falling Block,[null]
298.5,41.0,-67.5,465feaba-1d85-4687-86a8-0a409b6043b4,minecraft:falling_block,true,Falling Block,[null]
296.5,-32.0,-128.5,9ac2de9d-e605-4339-8792-23c9d50965f6,minecraft:falling_block,true,Falling Block,[null]
299.5,37.0,-56.5,33218897-fa52-4c0d-84e0-152e1b00e0ac,minecraft:falling_block,true,Falling Block,[null]
298.5,38.0,-56.5,7beb881e-cb06-487b-bc91-3d41738ed761,minecraft:falling_block,true,Falling Block,[null]
298.5,41.0,-68.5,b5ed2749-0d87-4b3a-bafe-d2ac4cc88bce,minecraft:falling_block,true,Falling Block,[null]
309.0,69.0,135.0,b35bf2ad-13e0-44cc-911c-5f8c1785eb52,minecraft:sheep,true,Sheep,[null]
311.0,69.0,139.0,efcd4c3a-cc6a-4dd0-b8d0-62677c351c2f,minecraft:sheep,true,Sheep,[null]
309.0,68.0,142.0,38079cc7-defd-4c94-b33f-e51dc2a4e128,minecraft:sheep,true,Sheep,[null]
308.0,68.0,133.0,65b9fd11-c591-40db-b9a5-003a19a2f98b,minecraft:sheep,true,Sheep,[null]
288.5,15.0,-191.5,dc683330-0b8c-4f41-a485-d8518c381cbb,minecraft:falling_block,true,Falling Block,[null]
288.5,16.0,-191.5,a75dbcff-2fb1-4fbc-927b-18a64cb9eb64,minecraft:falling_block,true,Falling Block,[null]
292.33279488993077,18.60879862291433,-177.47981312448715,2f9029ff-9926-4b74-94f0-8c2eebde7494,minecraft:item,true,Hanging Vibrion Vines,[null]
299.5,37.0,-55.5,a65d7ff5-6cd8-43a9-9129-7fd2e0dd31c5,minecraft:falling_block,true,Falling Block,[null]
299.5,38.0,-56.5,a3fd8a71-daf3-4d9d-982d-e2177acf8cb7,minecraft:falling_block,true,Falling Block,[null]
298.5,39.0,-56.5,157eaf81-343d-49ca-93c6-35e0208a4928,minecraft:falling_block,true,Falling Block,[null]
288.5,15.0,-190.5,d86f8351-f627-40df-a35b-036d4c730515,minecraft:falling_block,true,Falling Block,[null]
289.5,16.0,-191.5,b309a18a-2d2d-422f-8e8e-71cbd997aa17,minecraft:falling_block,true,Falling Block,[null]
288.5,16.0,-190.5,8779afa9-66f8-420d-bbca-d1dc91fbc739,minecraft:falling_block,true,Falling Block,[null]
288.5,17.0,-191.5,25227f3c-aca5-4457-afe2-f26fd4cf29cb,minecraft:falling_block,true,Falling Block,[null]
299.5,38.0,-55.5,92b5a451-f444-4e47-a8fd-598e3f52bfe5,minecraft:falling_block,true,Falling Block,[null]
299.5,39.0,-56.5,c50ff735-f1ff-4220-8b02-638c4aaf58f4,minecraft:falling_block,true,Falling Block,[null]
280.4992754344293,-1.0,-37.510935177053845,ecf64c43-6434-4895-a558-f074a8f94f46,minecraft:item,true,Substilium Roots,[null]
299.5,39.0,-55.5,fef31164-5bc1-4f14-b338-82fb6f5a5e92,minecraft:falling_block,true,Falling Block,[null]
279.39718866949016,1.0,-36.02687993315968,36b5453b-6cfe-4908-bd71-6127ca6a92e4,minecraft:item,true,Substilium Roots,[null]
278.69071094715406,-16.0,-44.54557564554921,18ae52a1-97ed-4064-83f7-a88cec0deeea,minecraft:item,true,Substilium Roots,[null]
289.6526338446033,13.344240053498744,-16.621577307401306,f4ebe826-a177-4431-b22a-a98a44449cba,minecraft:item,true,Vibrion,[null]
290.74138063492336,4.191937670426714,-70.39986759156736,59276a89-e29a-4524-926a-71fabd25d363,minecraft:item,true,Substilium Roots,[null]
278.61913075998024,-16.0,-42.14511629685395,22d47fd1-9785-4225-89d4-91e874b94ac7,minecraft:item,true,Substilium Roots,[null]
282.125,2.39932160532063,-33.125,b11da035-5b4c-4b82-8af5-4bef450e1f94,minecraft:item,true,Vibrion Roots,[null]
165.34744829965706,-42.0,57.481890707625524,3732505d-b0a7-4183-9ce9-9773fe35187d,minecraft:zombie,true,Zombie,[null]
313.51192105002497,1.3103652729398676,-93.72058943080464,ed459c56-8a8b-4d6e-bddf-da9ee57b7e4f,minecraft:item,true,Hanging Vibrion Vines,[null]
150.5,36.0,-74.5,bde94868-963a-4c67-8773-0c1944089644,minecraft:zombie,true,Zombie,[null]
126.46938499063096,-18.0,-41.649761348282006,39ea6c66-3dd7-493d-89bd-252467bfc117,minecraft:creeper,true,Creeper,[null]
282.875,1.0,-34.861146442598105,d43d5c60-66de-4e91-b26b-b4cca4661d65,minecraft:item,true,Vibrion,[null]
288.0839814824696,-16.93834778934587,-39.87301352238041,bca1cce9-95e2-4942-a72b-cdc94fdeb4ea,minecraft:item,true,Substilium Roots,[null]
79.5,-25.0,-35.5,6931bbaf-83dd-45f4-8e94-d0907232fca8,minecraft:creeper,true,Creeper,[null]
290.32800420133896,-5.515783862281352,-71.5703639767887,4b28fe0d-d483-4b3c-9d38-061ea2779d77,minecraft:item,true,Vibrion Roots,[null]
300.3545339955566,5.43114775410104,3.5426805501010663,cfc9d14e-b010-4a79-9075-8ef04e3b51a5,minecraft:item,true,Substilium Roots,[null]
347.0,69.0,-89.0,6d55ca41-629a-43d2-92ad-0bc514657903,minecraft:sheep,true,Sheep,[null]
343.0,69.0,-85.0,6f86a6e8-37e2-4f35-9b4b-515a71c46d8d,minecraft:sheep,true,Sheep,[null]
346.0,69.0,-84.0,2ac48926-c262-43ed-a38b-39442ab4be33,minecraft:sheep,true,Sheep,[null]
348.0,69.0,-82.0,99410a0f-4ccb-4cc3-b14b-f84957c71110,minecraft:sheep,true,Sheep,[null]
290.3574279192152,-5.871254879155006,-70.53704390770113,c168b323-fe61-4d05-b5a6-93e9d58c1348,minecraft:item,true,Vibrion Roots,[null]
291.4033289042538,-5.8093237697877935,-71.5267899639132,af07c364-5f5a-4f32-bc9e-6b903dab681b,minecraft:item,true,Vibrion,[null]
287.7757120624085,-12.0,-40.09168085508427,285a6366-f01e-4c0f-9d9f-17576b3c4998,minecraft:item,true,Vibrion Roots,[null]
290.61089195536135,-6.483835893699668,-69.54826407471249,fa073f77-10bb-4b03-830f-e08d6af78c5e,minecraft:item,true,Vibrion Roots,[null]
292.46540125524825,-6.546872510387666,-71.4751953556646,b6345795-8465-46ba-ae64-a32268d1755d,minecraft:item,true,Vibrion Roots,[null]
300.7293953726539,4.28739780077873,1.6160674437929963,31291591-bc89-487f-ae9e-4a965f3cfc70,minecraft:item,true,Substilium Roots,[null]
290.6275983678254,-6.798832155588402,-68.46208176288853,1a39f699-1bcd-49e5-aee1-754fd7e7cf1c,minecraft:item,true,Substilium Roots,[null]
291.63278964949535,-6.424537055653794,-69.5725742057433,a8c4dedd-82ab-4999-b265-ee6f65c31e9a,minecraft:item,true,Vibrion Roots,[null]
300.6679813891621,2.367532776300857,0.4041592012753284,dcfd0ac3-b309-4d21-8140-0751bc753d45,minecraft:item,true,Substilium Roots,[null]
349.0,98.0,109.0,77010828-31b2-44ee-a0ac-a5193a015ccb,minecraft:horse,true,Horse,[null]
300.398147949164,0.29238663574093476,-0.3364909091014551,064b8f33-110e-4974-b0b3-7d60c823cf55,minecraft:item,true,Substilium Roots,[null]
290.36889174162735,-17.534335527714735,-67.34947961495635,bc9f5038-0fab-4f59-85c3-466c13fdd218,minecraft:item,true,Substilium Roots,[null]
290.3903527447221,-17.49907488447206,-68.68040843444876,ce7e50f2-695d-4b8b-97a5-d33980b88891,minecraft:item,true,Substilium Roots,[null]
301.6339738662858,-3.615345102812171,-3.2510629398044535,fa96061d-72f4-4157-9231-ba3779294d6d,minecraft:item,true,Hanging Vibrion Vines,[null]
288.0571851535781,-16.014720270404656,-37.982563777363005,841bff89-1d90-40da-ad48-480e6ac9bfbb,minecraft:item,true,Substilium Roots,[null]
301.70379970258455,-4.674663303179286,-3.2758727903555287,41a4669c-d03c-4985-a838-a766bc83968f,minecraft:item,true,Hanging Vibrion Vines,[null]
292.52732317249786,-18.405630982272285,-70.30601923285857,3aed7b30-f094-49ca-8be5-562098a2c942,minecraft:item,true,Substilium Roots,[null]
280.125,-17.99269702357313,-52.015654043578756,60db5b3c-a163-4a75-8464-ba5479b26b5b,minecraft:item,true,Substilium Roots,[null]
295.2938727759635,-19.687365652115464,-71.50741424651785,da15547d-ddc6-414a-8fb2-991fcf17947d,minecraft:item,true,Substilium Roots,[null]
96.12486137226534,-15.0,-55.46169288513364,aebaf8bb-0e6a-4adb-a0e0-19c24720ad4e,minecraft:creeper,true,Creeper,[null]
285.62503563089984,25.341247113746093,163.6678933408177,67d54290-6640-42d8-861c-7fdd07d55902,minecraft:item,true,Hanging Vibrion Vines,[null]
290.637500948877,-18.694094824442757,-70.58576455298336,6933a9b6-b10c-487d-8300-be311b92c22c,minecraft:item,true,Substilium Roots,[null]
278.33559119015666,-17.0,-45.125,d80460a6-2a2c-4d78-968a-21f1d56e628e,minecraft:item,true,Substilium Roots,[null]
296.4026072388809,-20.72947655830582,-71.31816242695426,64e88b8f-9b5b-4365-96cd-39e0b077068f,minecraft:item,true,Substilium Roots,[null]
280.2171084811403,-17.584238086400003,-51.84108457456853,922384b6-76b3-4d35-9cbe-41f911172733,minecraft:item,true,Vibrion,[null]
280.4863041462946,-17.0,-50.04934286896389,55ab80c4-49ca-47e1-92bb-87a8a397af73,minecraft:item,true,Substilium Roots,[null]
277.6885087858505,-16.99269702357313,-48.03714728404509,d6c88fb4-8cdd-4ab2-8a04-3e1054505b27,minecraft:item,true,Substilium Roots,[null]
282.3107332313845,-18.0,-54.05337323783595,ac1c251b-cda3-4290-9347-f4cd1f001335,minecraft:item,true,Vibrion,[null]
-80.875,42.75,-185.47844407990368,5351d9d9-5832-4e6d-933d-5a9eaf6efa01,minecraft:item,true,Hanging Vibrion Vines,[null]
280.6842515443797,-17.645140955728937,-53.57298918357375,542d125d-7b46-4d15-84d5-f05523d00796,minecraft:item,true,Vibrion,[null]
-100.78805212975303,59.42280037364941,-181.875,55a27b85-da8d-44b7-8146-76bbf824ff89,minecraft:item,true,Hanging Vibrion Vines,[null]
-108.28676915770374,108.0,-224.0033885530408,dffa0be8-c20f-4628-ac9c-0f44cf85e9c8,minecraft:cow,true,Cow,[null]
-104.125,52.78765969231773,-194.875,fa650339-1f14-4e6a-b80f-ab2e95ab95d8,minecraft:item,true,Hanging Vibrion Vines,[null]
-110.0,107.0,-223.10000002384186,a757c73c-50a0-4db9-aa90-947de1ebb915,minecraft:cow,true,Cow,[null]
-111.10000002384186,107.0,-222.0,ed2ee34c-5435-45ae-9d39-d87cc886ffe3,minecraft:cow,true,Cow,[null]
54.5,-32.0,62.5,da3dc814-0fe8-4eda-8afb-fc2512b9971d,minecraft:skeleton,true,Skeleton,[null]
118.99035429923646,-22.0,-10.968706150059305,31fc7234-39cb-45a0-a7da-e1a0f30fc5e1,minecraft:zombie,true,Zombie,[null]
116.5,18.0,-28.5,ecace9aa-f0b6-4534-9323-efd7100ea506,minecraft:skeleton,true,Skeleton,[null]
85.48150829622648,-17.0,-17.48692286272688,5340d7db-ac22-4f65-b6ce-6711e919dd01,minecraft:creeper,true,Creeper,[null]
87.1222433205694,14.656854330794886,-51.304438943974674,86fa7bb8-08fb-4f28-8ad6-1a866a1e07ae,minecraft:glow_squid,true,Glow Squid,[null]
201.90800170547254,33.0,-3.908111985613496,20fcfe3f-3445-4312-8b3a-9c489ac67cb1,minecraft:zombie,true,Zombie,[null]
147.52472062638267,-42.0,13.189558776526985,1d752751-5af8-47c3-a21c-224b81bb0b53,minecraft:skeleton,true,Skeleton,[null]
83.89114170990378,-23.66202954423945,-38.63068689881859,a810a664-7e93-46f5-b6b3-87bb1c60c7da,minecraft:bat,true,Bat,[null]
90.00171084547222,-30.926160753800822,-42.38252840017332,efa4c537-1740-436f-adc0-ec6ce4204840,minecraft:bat,true,Bat,[null]
54.498763871978255,23.0,-18.997766200757024,0f3c5800-3963-4de4-ae08-ca7888e868f9,minecraft:skeleton,true,Skeleton,[null]
149.30000001192093,-52.89999997615814,-111.0616799902631,7e7c42d6-63d2-4646-9ace-0783a2fbffb2,minecraft:spider,true,Spider,[null]
123.07402879252912,-44.89999997615814,-49.80786917859316,f2f00d65-65b5-480b-9274-1abaae529a72,minecraft:bat,true,Bat,[null]
119.75,-46.978469436722364,-50.75,d6769a9c-c32e-41fa-a9cc-8fce27323668,minecraft:bat,true,Bat,[null]
92.32677540530578,-31.3021572317222,-39.52461082309321,a5ec95bb-5abe-447b-9a0e-f510c4736140,minecraft:bat,true,Bat,[null]
128.5,-22.0,-138.5,ba1fbebd-55cb-4ed4-9492-40b7532bc528,minecraft:enderman,true,Enderman,[null]
123.51088999115477,41.0,-107.48404371628708,5c276ca6-55ff-40e7-bea9-bcdbe04f7916,minecraft:zombie,true,Zombie,[null]
84.5,-12.0,-85.5,3bff7923-3ebc-4424-951b-f09cd722c02e,minecraft:zombie,true,Zombie,[null]
79.51477224762789,-25.0,-32.539112305713985,bfe9ab0b-d831-4ced-b6e8-2ce14adcef7f,minecraft:creeper,true,Creeper,[null]
79.5,-26.0,-40.5,37143f22-dbce-43b7-95e6-ff3fa51c8d85,minecraft:zombie,true,Zombie,[null]
95.91848815505843,-16.0,-63.917064780131845,087725f6-659b-4d8c-808a-0499575b1ee0,minecraft:zombie,true,Zombie,[null]
-38.576889476796026,66.0,-111.6114526185748,59a385da-81f2-4957-a02d-4633de3af1a6,minecraft:item,true,Egg,[null]
210.7989952494458,-48.931343902529086,6.5309859737800675,cf9e11f7-33da-4719-9856-5689f24a4213,minecraft:bat,true,Bat,[null]
119.5,-19.0,55.5,c2ad0c1b-22f3-4434-b8f4-cba788d5a4fe,minecraft:zombie,true,Zombie,[null]
143.52894443782884,57.742993334782575,51.62814050737462,bdfff279-e69a-4203-a4b1-4edc2157666f,minecraft:bat,true,Bat,[null]
147.49913172913634,-42.0,37.189880160388725,9b614c63-a71f-462b-a9ee-d55ac5a40aff,minecraft:skeleton,true,Skeleton,[null]
147.52253952218513,-42.0,36.49519906859458,b0f3ead4-e811-4238-a890-f9875ccedb76,minecraft:creeper,true,Creeper,[null]
145.4987856195327,-47.0,49.47203450087666,62f72948-6978-45ab-8da3-8d435f2490ae,minecraft:creeper,true,Creeper,[null]
121.5,-46.0,-108.5,99f402df-f608-413b-8b0b-04993e3897f7,minecraft:skeleton,true,Skeleton,[null]
17.599999994039536,-40.0,-63.400000005960464,67d823f0-41f0-4a33-b9b6-feac9fa83651,minecraft:glow_squid,true,Glow Squid,[null]
127.5,-39.0,66.5,fbd40180-ae88-47d8-bc88-26edfe29fa9f,minecraft:skeleton,true,Skeleton,[null]
128.35712738188448,-50.4806278129693,-69.9065442681222,6822b9b1-783c-43b5-aced-3e460e8d319f,minecraft:bat,true,Bat,[null]
81.03035191819072,59.903640979900956,50.624941715737805,56501410-674d-4cc0-9d7a-609d56353bb7,minecraft:squid,true,Squid,[null]
81.59999999403954,57.91296461597085,52.599999994039536,dbd68642-0fb9-4c4c-9634-699d72a33090,minecraft:squid,true,Squid,[null]
75.95662053642415,59.94669842533767,48.96919444965343,3fb68b19-b957-42f8-86a0-cade964904dc,minecraft:squid,true,Squid,[null]
139.54403426777566,-33.0,-98.94605848969182,61f1ba96-370b-443e-9a05-d1a3219b404a,minecraft:zombie,true,Zombie,[null]
141.48053938128973,-33.0,-95.91432531592687,3714bf47-8c94-4829-82a0-77770470cd70,minecraft:zombie,true,Zombie,[null]
68.90711146774198,-23.899999976158142,-32.087073461570625,3ddd34c8-f5a2-47ba-95dd-a3d51b25d960,minecraft:bat,true,Bat,[null]
37.43222135207158,20.0,-21.397503725633385,2c59996f-2336-4a9c-aa9d-83576896568c,minecraft:zombie,true,Zombie,[null]
192.16739377838928,-33.41963299745247,-0.944876579579825,a7fcf799-179d-4f08-af79-4b1c11b48245,minecraft:bat,true,Bat,[null]
205.45744817696792,-37.89999997615814,-6.551228586412523,7514376e-27cf-44d0-af73-1ffecdd7a282,minecraft:bat,true,Bat,[null]
51.04365624601152,-27.0,24.84968238464063,4e0b1ca1-73a6-40bf-bc07-81704b9746a1,minecraft:zombie,true,Zombie,[null]
51.5,-26.0,28.5,28cdc622-927f-4a12-aadc-e0e93213a796,minecraft:zombie,true,Zombie,[null]
142.08563242233495,-45.0,66.50078863816937,86d576ca-577e-40fa-bf01-6e66a61fb7bc,minecraft:creeper,true,Creeper,[null]
155.42769345462207,-43.0,59.5952140631329,59ccef9b-9ae2-49da-aa03-42cb846e5571,minecraft:creeper,true,Creeper,[null]
61.5,-25.0,-35.5,e8dff4fa-bc95-4e9d-a323-e4701676020c,minecraft:enderman,true,Enderman,[null]
183.00227389259078,-36.0,33.487762891865934,5b2eb8e0-e74a-40e5-b917-86c23bd96278,minecraft:skeleton,true,Skeleton,[null]
146.41794614633278,33.10000002384186,-118.70495217883551,ebd52e5a-22f2-4308-a836-5e2582a45e17,minecraft:bat,true,Bat,[null]
191.16870452982465,-35.0,-112.69999998807907,adff7e9c-6ca4-4eb6-8282-836fa9a6f14d,minecraft:spider,true,Spider,[null]
122.98019268841789,-18.0,-122.94513785901125,43acf6c5-c9a3-4cf2-9b5e-39e0f483b472,minecraft:skeleton,true,Skeleton,[null]
69.48805229223663,-45.0,16.503418170121762,4b33830b-c8eb-4e27-8f86-e3da7d285442,minecraft:skeleton,true,Skeleton,[null]
68.03592065447873,-45.0,14.510730063313375,91a001c5-e5a0-4cf2-ac1f-b9664803466a,minecraft:skeleton,true,Skeleton,[null]
72.5,-47.0,13.5,e81c8e9d-fd39-4006-8d5a-08531e3988b6,minecraft:skeleton,true,Skeleton,[null]
98.5,-53.0,-4.5,72b30a7e-e9ca-4bfd-8d73-4a5b95952498,minecraft:skeleton,true,Skeleton,[null]
147.64569818723484,34.0,24.50052790940693,7164832f-f7c9-412d-9f30-0be8905d2874,minecraft:zombie,true,Zombie,[null]
38.5,20.0,-19.5,2a833958-b08e-4845-89e7-006b4c83e555,minecraft:zombie,true,Zombie,[null]
110.5,25.0,-11.5,c25b9b92-5a76-4781-bdab-5d5000214ed5,minecraft:skeleton,true,Skeleton,[null]
-30.780972555189173,64.0,132.08978869338353,c475776a-1ef7-468c-accc-e6e51ce218f3,minecraft:item,true,Egg,[null]
35.400000005960464,-43.80000001192093,-48.400000005960464,03104509-32e7-421f-aabe-419d3230e74a,minecraft:glow_squid,true,Glow Squid,[null]
191.52332314030545,-35.0,-115.52294470067254,2450a783-fc03-47ef-b6f9-c378a3900487,minecraft:skeleton,true,Skeleton,[null]
203.22229718859307,50.53776586824097,-28.599999994039536,7a3bb3ff-fcf4-4431-bcb3-eaa5ba356112,minecraft:squid,true,Squid,[null]
205.4671116983518,51.5042723515071,-24.85769636905752,a003f2a1-a419-4d2b-9ae2-9b5d2bf0a1b4,minecraft:squid,true,Squid,[null]
209.3423241712153,51.10088486573659,-23.874198167352006,06e609c9-303e-403c-b276-aba79925db70,minecraft:squid,true,Squid,[null]
210.2140593365766,52.0,-24.440305824857205,85ea7e37-4c80-428e-9218-a615136a70a8,minecraft:squid,true,Squid,[null]
91.91790544444945,-49.0,-17.852658642136845,21ccd157-ab34-4d16-97e2-5e057960e97c,minecraft:skeleton,true,Skeleton,[null]
151.53278442729706,30.0,25.799335552937375,c9060e46-3754-46df-aba8-1abb3f8a847e,minecraft:creeper,true,Creeper,[null]
154.5,26.0,40.5,7fb7e447-555e-4eec-b5ee-ce209b75a5ec,minecraft:creeper,true,Creeper,[null]
227.53290090912043,30.0,-39.81799249435182,151d87d8-401f-431b-a5ce-1aa4d416ea0c,minecraft:bat,true,Bat,[null]
41.5,22.0,-14.5,7c9f6b94-0fe9-42b9-9922-e254872ffb12,minecraft:zombie,true,Zombie,[null]
117.5,-20.0,54.5,a192c530-17bc-4d7b-9d6b-fc75048916e6,minecraft:zombie,true,Zombie,[null]
116.5,-20.0,53.5,eb480e02-54c6-4390-ae1a-57f41311beb4,minecraft:zombie,true,Zombie,[null]
30.400000005960464,-29.0,-70.40000000596046,4667b707-5c73-4f44-a318-a320f2c615b9,minecraft:glow_squid,true,Glow Squid,[null]
194.3771213506042,-47.0,12.13787021353755,16c6875d-bd48-4c31-b6f4-0efacf657950,minecraft:creeper,true,Creeper,[null]
120.5,-44.0,-79.5,39c99c8f-e930-467b-8617-d28a892eed4e,minecraft:creeper,true,Creeper,[null]
121.2149538210664,-43.0,-81.30479690294413,529ad035-42c3-40e2-b6eb-f76811d49c2f,minecraft:creeper,true,Creeper,[null]
122.49732954200537,-47.0,-84.92263030891218,ce72d227-c88d-46fd-95e5-fd62552f4781,minecraft:creeper,true,Creeper,[null]
176.5,-32.0,-140.5,3d596884-ba80-42c4-a8b7-e58bbfc608b9,minecraft:skeleton,true,Skeleton,[null]
176.49999884936915,-32.0,-146.62166258662194,f3b44ea4-c76f-4e01-a45c-0db6df0c74a1,minecraft:skeleton,true,Skeleton,[null]
176.5,-32.0,-147.24015290241962,19f97390-6f07-44ae-bc60-88048047d926,minecraft:skeleton,true,Skeleton,[null]
92.95149575546384,12.994486704003066,-50.400000005960464,3df7ac47-8250-4ea0-a11b-c86a1231a428,minecraft:glow_squid,true,Glow Squid,[null]
90.59999999403954,10.0,-46.400000005960464,15a41aa0-74d9-4484-b6fe-537b4f30e476,minecraft:glow_squid,true,Glow Squid,[null]
57.69999998807907,-16.899999976158142,-131.30000001192093,323c7766-ee50-408a-9a16-1460802ea1f0,minecraft:spider,true,Spider,[null]
111.4924579210088,-24.0,-11.69203274661866,287e15c4-bd40-4394-92ca-2f14d36e1330,minecraft:creeper,true,Creeper,[null]
132.5,-16.0,-55.5,9aab5b36-5805-402b-be5d-f7858818f3fd,minecraft:creeper,true,Creeper,[null]
22.46206184431528,-51.0,-32.52288610325653,ff7a2940-dc67-4399-8bda-5594b8b136cd,minecraft:zombie,true,Zombie,[null]
142.5,-17.0,30.5,a8112737-6bbc-48ea-8e35-fb144bb75723,minecraft:skeleton,true,Skeleton,[null]
74.54511874862976,-28.760853058489527,46.20890452256594,14a1608b-9666-47e9-87a1-20dd075c78f6,minecraft:bat,true,Bat,[null]
77.46470177444917,-29.71204028510931,47.62513983348635,8499ba98-558a-4361-b532-272c185f8ee7,minecraft:bat,true,Bat,[null]
47.49962334266849,-32.0,33.54145444904155,3a0a1e16-2d04-47fa-bcc2-ecf874b13672,minecraft:skeleton,true,Skeleton,[null]
45.5,-32.0,28.5,4008a700-9b7e-4acf-a20d-677501550d30,minecraft:zombie,true,Zombie,[null]
25.323176540556847,-23.246800019478798,-122.43958341270204,a11f7745-941f-4d55-bca1-dc56425946af,minecraft:creeper,true,Creeper,[null]
71.5,-28.0,53.5,bb1d27c0-a3a8-4c52-9371-43bab2c02fd6,minecraft:creeper,true,Creeper,[null]
71.5770716152432,-30.0,61.75517370113857,0f939a0c-9457-4eb3-b088-ab2fa96b2bf3,minecraft:creeper,true,Creeper,[null]
23.7217446121584,26.0,-26.529745905874538,31c79d55-0ef2-449e-940a-f4ae177448c1,minecraft:zombie,true,Zombie,[null]
140.5,-28.0,-38.5,fb4b996d-b2ee-4d33-be8d-d504ca26e2fc,minecraft:zombie,true,Zombie,[null]
122.5,-40.0,-156.5,55365bcf-a615-4880-951c-dab97dad309f,minecraft:skeleton,true,Skeleton,[null]
