x,y,z,visibility,load_status,entity_count
14,1,-3,TICKING,LOADED,1
18,0,-2,TICKING,LOADED,7
18,1,-2,TICKING,LOADED,1
18,4,-2,TICKING,LOADED,4
18,-3,-2,TICKING,LOADED,3
10,-1,-1,TICKING,LOADED,1
12,2,-13,TICKING,LOADED,3
13,0,8,TICKING,LOADED,1
7,-2,-3,TICKING,LOADED,2
17,-3,4,TICKING,LOADED,2
-11,4,6,TRACKED,LOADED,1
8,-2,-9,TICKING,LOADED,1
-8,-3,8,TICKING,LOADED,1
6,-1,-4,TICKING,LOADED,1
13,1,-12,TICKING,LOADED,1
-9,-4,11,TRACKED,LOADED,1
5,3,-13,TICKING,LOADED,1
15,2,-5,TICKING,LOADED,1
18,0,-11,TICKING,LOADED,1
18,-1,-11,TICKING,LOADED,1
21,4,-6,TRACKED,LOADED,4
10,3,-4,TICKING,LOADED,3
17,4,7,TICKING,LOADED,4
1,-2,-5,TICKING,LOADED,1
3,-2,-3,TICKING,LOADED,1
7,-3,-6,TICKING,LOADED,2
7,-2,-8,TICKING,LOADED,1
7,4,2,TICKING,LOADED,1
-7,3,-3,TICKING,LOADED,1
5,0,-4,TICKING,LOADED,2
5,-1,-4,TICKING,LOADED,1
15,0,-8,TICKING,LOADED,2
15,3,-8,TICKING,LOADED,2
15,-1,-8,TICKING,LOADED,1
18,-3,-8,TICKING,LOADED,17
18,-2,-8,TICKING,LOADED,8
-5,7,-16,TRACKED,LOADED,3
4,-3,1,TICKING,LOADED,1
1,-2,-8,TICKING,LOADED,1
2,2,10,TRACKED,LOADED,1
13,3,-10,TICKING,LOADED,1
12,-3,0,TICKING,LOADED,1
9,0,10,TRACKED,LOADED,1
9,1,10,TRACKED,LOADED,1
9,-2,10,TRACKED,LOADED,6
-4,3,-12,TICKING,LOADED,3
-4,7,-12,TICKING,LOADED,1
13,3,-2,TICKING,LOADED,2
10,1,8,TICKING,LOADED,14
10,2,8,TICKING,LOADED,45
-7,3,-13,TRACKED,LOADED,1
-10,-3,10,TRACKED,LOADED,1
0,4,7,TICKING,LOADED,3
2,0,-10,TICKING,LOADED,1
2,-3,-15,TICKING,LOADED,3
5,4,0,TICKING,LOADED,1
18,0,-5,TICKING,LOADED,3
18,1,-5,TICKING,LOADED,1
18,2,-5,TICKING,LOADED,3
18,-2,-5,TICKING,LOADED,7
18,-1,-5,TICKING,LOADED,7
-1,2,-12,TICKING,LOADED,1
-1,3,-12,TICKING,LOADED,1
3,-3,10,TRACKED,LOADED,2
-3,4,-3,TICKING,LOADED,1
11,-2,-10,TICKING,LOADED,2
-4,4,1,TICKING,LOADED,1
17,2,-11,TICKING,LOADED,1
9,1,1,TICKING,LOADED,1
9,2,1,TICKING,LOADED,1
-11,2,-7,TRACKED,LOADED,1
6,1,-1,TICKING,LOADED,1
6,-4,-1,TICKING,LOADED,1
6,-2,-1,TICKING,LOADED,1
5,-1,2,TICKING,LOADED,2
-6,2,-12,TRACKED,LOADED,1
10,-1,-8,TICKING,LOADED,3
16,3,3,TICKING,LOADED,2
7,4,1,TICKING,LOADED,1
1,1,-2,TICKING,LOADED,1
8,-3,-7,TICKING,LOADED,1
5,-1,-6,TICKING,LOADED,1
7,3,-15,TICKING,LOADED,47
8,3,3,TICKING,LOADED,1
17,3,-8,TICKING,LOADED,1
-4,3,-16,TRACKED,LOADED,1
11,0,5,TICKING,LOADED,3
11,4,5,TICKING,LOADED,1
15,4,3,TICKING,LOADED,1
13,-4,0,TICKING,LOADED,1
13,-1,0,TICKING,LOADED,1
-11,3,-6,TRACKED,LOADED,1
11,0,9,TICKING,LOADED,2
8,4,2,TICKING,LOADED,1
16,-2,-6,TICKING,LOADED,2
9,-3,0,TICKING,LOADED,1
-9,4,-1,TICKING,LOADED,1
7,-3,4,TICKING,LOADED,1
3,-2,1,TICKING,LOADED,2
10,-3,3,TICKING,LOADED,1
13,3,-9,TICKING,LOADED,2
4,4,0,TICKING,LOADED,2
4,-3,0,TICKING,LOADED,2
4,-1,0,TICKING,LOADED,1
5,0,-3,TICKING,LOADED,1
5,-2,-3,TICKING,LOADED,3
12,2,-3,TICKING,LOADED,1
-9,3,-9,TICKING,LOADED,2
-9,4,-9,TICKING,LOADED,2
5,4,-11,TICKING,LOADED,1
-5,0,10,TRACKED,LOADED,2
17,2,-5,TICKING,LOADED,1
9,2,-5,TICKING,LOADED,1
9,-4,-7,TICKING,LOADED,1
7,-3,-5,TICKING,LOADED,1
-10,3,-11,TRACKED,LOADED,1
14,3,-9,TICKING,LOADED,3
10,0,10,TRACKED,LOADED,2
10,1,10,TRACKED,LOADED,2
10,-3,10,TRACKED,LOADED,3
10,-2,10,TRACKED,LOADED,1
1,-3,-4,TICKING,LOADED,1
16,2,-3,TICKING,LOADED,3
16,-1,-3,TICKING,LOADED,1
9,-3,3,TICKING,LOADED,2
-7,6,-15,TRACKED,LOADED,1
6,2,-15,TICKING,LOADED,1
6,3,-15,TICKING,LOADED,7
-7,4,8,TICKING,LOADED,2
4,-2,-3,TICKING,LOADED,4
0,-3,9,TICKING,LOADED,1
-11,4,0,TRACKED,LOADED,1
11,4,-1,TICKING,LOADED,4
11,-1,-1,TICKING,LOADED,1
15,-1,1,TICKING,LOADED,1
8,-1,-4,TICKING,LOADED,1
15,0,-7,TICKING,LOADED,1
16,3,0,TICKING,LOADED,1
16,-1,0,TICKING,LOADED,2
-5,2,-13,TICKING,LOADED,1
7,1,10,TRACKED,LOADED,1
19,0,-6,TICKING,LOADED,1
17,0,5,TICKING,LOADED,2
17,4,5,TICKING,LOADED,1
18,1,2,TICKING,LOADED,1
18,2,2,TICKING,LOADED,3
11,-3,2,TICKING,LOADED,1
10,4,-15,TICKING,LOADED,8
12,3,-2,TICKING,LOADED,2
10,4,5,TICKING,LOADED,1
9,3,-17,TRACKED,LOADED,2
9,4,-17,TRACKED,LOADED,1
-10,2,-6,TRACKED,LOADED,1
-10,3,-6,TRACKED,LOADED,1
4,-2,2,TICKING,LOADED,2
-10,2,-5,TRACKED,LOADED,5
-10,4,-5,TRACKED,LOADED,4
14,0,-8,TICKING,LOADED,1
13,1,7,TICKING,LOADED,2
10,1,4,TICKING,LOADED,5
0,4,8,TICKING,LOADED,1
15,-1,0,TICKING,LOADED,1
16,2,-4,TICKING,LOADED,1
17,0,-12,TICKING,LOADED,1
17,1,-12,TICKING,LOADED,1
1,0,10,TRACKED,LOADED,1
1,-1,10,TRACKED,LOADED,1
12,3,6,TICKING,LOADED,1
-1,3,-11,TICKING,LOADED,1
-7,6,-14,TRACKED,LOADED,2
3,1,-2,TICKING,LOADED,1
-9,1,-10,TRACKED,LOADED,1
-9,2,-10,TRACKED,LOADED,1
11,2,-3,TICKING,LOADED,1
17,1,-4,TICKING,LOADED,1
17,-2,-4,TICKING,LOADED,6
18,2,-6,TICKING,LOADED,1
18,3,-7,TICKING,LOADED,1
-11,-4,10,TRACKED,LOADED,1
5,-4,-2,TICKING,LOADED,1
5,-2,-2,TICKING,LOADED,1
15,4,-9,TICKING,LOADED,1
2,-3,-4,TICKING,LOADED,1
4,3,3,TICKING,LOADED,1
4,-2,3,TICKING,LOADED,2
-2,3,-5,TICKING,LOADED,1
-2,4,-5,TICKING,LOADED,1
10,4,7,TICKING,LOADED,7
-8,-3,9,TICKING,LOADED,1
8,4,-5,TICKING,LOADED,1
8,-4,-5,TICKING,LOADED,1
12,4,9,TICKING,LOADED,1
-2,4,8,TICKING,LOADED,8
-7,3,-12,TRACKED,LOADED,1
16,4,6,TICKING,LOADED,1
6,0,0,TICKING,LOADED,1
10,-1,-12,TICKING,LOADED,1
-5,7,-12,TICKING,LOADED,1
-3,0,-9,TICKING,LOADED,1
18,2,3,TICKING,LOADED,5
18,3,3,TICKING,LOADED,1
2,1,-1,TICKING,LOADED,1
5,3,-15,TICKING,LOADED,3
14,3,-2,TICKING,LOADED,1
16,4,4,TICKING,LOADED,1
10,-1,-2,TICKING,LOADED,1
18,0,0,TICKING,LOADED,4
18,4,0,TICKING,LOADED,1
8,-2,-3,TICKING,LOADED,1
17,0,-2,TICKING,LOADED,3
17,-2,-2,TICKING,LOADED,1
7,-2,3,TICKING,LOADED,3
14,3,8,TICKING,LOADED,1
7,2,-7,TICKING,LOADED,1
7,-3,-7,TICKING,LOADED,1
16,-2,-7,TICKING,LOADED,1
7,1,-2,TICKING,LOADED,1
-7,4,1,TICKING,LOADED,1
9,3,-10,TICKING,LOADED,1
16,-3,-12,TICKING,LOADED,7
17,3,-7,TICKING,LOADED,2
10,3,-3,TICKING,LOADED,1
18,0,-3,TICKING,LOADED,3
18,1,-3,TICKING,LOADED,3
18,-3,-3,TICKING,LOADED,2
18,-2,-3,TICKING,LOADED,3
13,1,-13,TICKING,LOADED,1
13,2,-13,TICKING,LOADED,2
-7,-3,11,TRACKED,LOADED,2
11,-3,-8,TICKING,LOADED,2
17,3,3,TICKING,LOADED,1
3,-2,-9,TICKING,LOADED,1
15,3,-6,TICKING,LOADED,3
14,2,-1,TICKING,LOADED,1
2,-2,1,TICKING,LOADED,1
7,-3,-4,TICKING,LOADED,2
1,-4,-3,TICKING,LOADED,1
14,2,-10,TICKING,LOADED,1
14,3,-10,TICKING,LOADED,1
9,-1,-3,TICKING,LOADED,1
2,3,-8,TICKING,LOADED,1
10,4,6,TICKING,LOADED,2
-10,1,-7,TRACKED,LOADED,1
-2,4,7,TICKING,LOADED,1
0,3,-15,TICKING,LOADED,2
18,2,1,TICKING,LOADED,1
18,3,1,TICKING,LOADED,2
13,3,-8,TICKING,LOADED,1
9,2,-8,TICKING,LOADED,1
7,-2,-1,TICKING,LOADED,1
21,6,6,TRACKED,LOADED,1
-4,4,3,TICKING,LOADED,1
10,4,-16,TRACKED,LOADED,4
11,0,10,TRACKED,LOADED,2
11,4,10,TRACKED,LOADED,1
-11,3,-11,TRACKED,LOADED,4
-1,0,-8,TICKING,LOADED,1
12,2,-1,TICKING,LOADED,2
12,-3,-1,TICKING,LOADED,2
18,0,-4,TICKING,LOADED,2
18,2,-4,TICKING,LOADED,12
8,-3,-6,TICKING,LOADED,1
17,0,-3,TICKING,LOADED,4
17,-2,-3,TICKING,LOADED,2
17,-1,-3,TICKING,LOADED,6
13,-2,5,TICKING,LOADED,1
-2,7,-12,TICKING,LOADED,1
-3,4,3,TICKING,LOADED,2
18,4,-9,TICKING,LOADED,4
18,-3,-9,TICKING,LOADED,3
18,-2,-9,TICKING,LOADED,1
7,-3,-10,TICKING,LOADED,1
7,-1,-10,TICKING,LOADED,1
-7,4,9,TICKING,LOADED,2
15,4,4,TICKING,LOADED,3
16,0,-8,TICKING,LOADED,3
16,3,-8,TICKING,LOADED,2
0,0,10,TRACKED,LOADED,19
0,1,10,TRACKED,LOADED,24
0,2,10,TRACKED,LOADED,2
16,0,2,TICKING,LOADED,1
2,-1,-12,TICKING,LOADED,1
10,2,-9,TICKING,LOADED,2
5,3,3,TICKING,LOADED,2
12,0,8,TICKING,LOADED,6
12,4,8,TICKING,LOADED,3
17,3,6,TICKING,LOADED,2
2,1,-2,TICKING,LOADED,2
17,3,-10,TICKING,LOADED,1
18,0,-1,TICKING,LOADED,1
18,1,-1,TICKING,LOADED,1
18,-1,-1,TICKING,LOADED,2
-3,4,-7,TICKING,LOADED,5
11,-2,-9,TICKING,LOADED,1
-2,4,1,TICKING,LOADED,1
-5,4,11,TRACKED,LOADED,7
17,1,10,TRACKED,LOADED,1
2,-2,2,TICKING,LOADED,1
-6,3,9,TICKING,LOADED,1
18,0,-12,TICKING,LOADED,2
18,1,-12,TICKING,LOADED,5
8,4,1,TICKING,LOADED,1
8,-2,1,TICKING,LOADED,1
16,4,5,TICKING,LOADED,3
14,-2,-5,TICKING,LOADED,2
14,-1,0,TICKING,LOADED,1
-1,4,0,TICKING,LOADED,1
19,4,8,TICKING,LOADED,4
11,0,4,TICKING,LOADED,3
11,2,-6,TICKING,LOADED,1
3,-2,3,TICKING,LOADED,1
-2,1,10,TRACKED,LOADED,34
-2,4,10,TRACKED,LOADED,4
-2,-2,10,TRACKED,LOADED,3
7,4,0,TICKING,LOADED,4
18,3,4,TICKING,LOADED,1
10,0,9,TICKING,LOADED,2
10,1,9,TICKING,LOADED,3
10,3,9,TICKING,LOADED,2
10,4,9,TICKING,LOADED,1
10,-2,9,TICKING,LOADED,7
-8,-4,11,TRACKED,LOADED,2
9,2,-11,TICKING,LOADED,1
9,1,2,TICKING,LOADED,1
9,-3,2,TICKING,LOADED,2
9,-1,2,TICKING,LOADED,1
-9,4,10,TRACKED,LOADED,4
-9,-3,10,TRACKED,LOADED,19
13,3,-17,TRACKED,LOADED,4
8,-3,4,TICKING,LOADED,1
