{
  "display": {
    "icon": {
      "item": "wildaside:vibrion_sporeholder"
    },
    "title": {
      "translate": "advancements.spread_100.title"
    },
    "description": {
      "translate": "advancements.spread_100.descr"
    },
    "frame": "task",
    "show_toast": true,
    "announce_to_chat": true,
    "hidden": false
  },
  "criteria": {
    "spread_100": {
      "trigger": "minecraft:impossible"
    }
  },
  "rewards": {
    "experience": 10
  },
  "parent": "wildaside:unsafe_haven"
}