{
  "display": {
    "icon": {
      "item": "minecraft:shears"
    },
    "title": {
      "translate": "advancements.useful_finding.title"
    },
    "description": {
      "translate": "advancements.useful_finding.descr"
    },
    "frame": "task",
    "show_toast": true,
    "announce_to_chat": true,
    "hidden": false
  },
  "criteria": {
    "useful_finding": {
      "trigger": "minecraft:impossible"
    }
  },
  "rewards": {
    "experience": 5
  },
  "parent": "wildaside:unsafe_haven"
}