{
  "_fv": 39,
  "_type": "recipe",
  "definition": {
    "recipeType": "Stone cutting",
    "xpReward": 0.0,
    "cookingTime": 200,
    "recipeRetstackSize": 1,
    "group": "cracked_substilium_tile_stairs",
    "recipeShapeless": false,
    "stoneCuttingInputStack": {
      "value": "CUSTOM:CrackedSubstiliumTiles"
    },
    "stoneCuttingReturnStack": {
      "value": "CUSTOM:CrackedSubstiliumTileStairs"
    },
    "name": "cracked_substilium_tile_stairs",
    "namespace": "mod"
  }
}