{
  "_fv": 39,
  "_type": "item",
  "definition": {
    "renderType": 0,
    "texture": "entorium_pill",
    "customModelName": "Normal",
    "name": "Entorium Pill",
    "rarity": "COMMON",
    "creativeTab": {
      "value": "CUSTOM:WildAsideTab"
    },
    "stackSize": 4,
    "enchantability": 0,
    "useDuration": 32,
    "toolType": 1.0,
    "damageCount": 0,
    "recipeRemainder": {
      "value": ""
    },
    "destroyAnyBlock": false,
    "immuneToFire": false,
    "stayInGridWhenCrafting": false,
    "damageOnCrafting": false,
    "enableMeleeDamage": false,
    "damageVsEntity": 0.0,
    "specialInfo": [],
    "hasGlow": false,
    "guiBoundTo": "<NONE>",
    "inventorySize": 9,
    "inventoryStackSize": 64,
    "onFinishUsingItem": {
      "name": "EntoriumPillEffects"
    },
    "isFood": true,
    "nutritionalValue": -1,
    "saturation": -0.2,
    "eatResultItem": {
      "value": ""
    },
    "isMeat": true,
    "isAlwaysEdible": true,
    "animation": "eat"
  }
}