{
  "_fv": 39,
  "_type": "achievement",
  "definition": {
    "achievementName": "Lit Vibrion Gel Hidden 1 Adv",
    "achievementDescription": "Lit Vibrion Gel Hidden 1 Adv",
    "achievementIcon": {
      "value": "CUSTOM:LitVibrionGel"
    },
    "background": "Default",
    "disableDisplay": true,
    "showPopup": false,
    "announceToChat": false,
    "hideIfNotCompleted": false,
    "rewardLoot": [],
    "rewardRecipes": [
      "LitVibrionGlassCraft",
      "LitVibrionGlassPaneCraft",
      "LitVibrionGlassPaneCraft2"
    ],
    "rewardFunction": "No function",
    "rewardXP": 0,
    "achievementType": "task",
    "parent": {
      "value": "CUSTOM:WildWilderWildest"
    },
    "triggerxml": "<xml xmlns=\"https://developers.google.com/blockly/xml\"><block type=\"item_in_inventory\" x=\"38\" y=\"16\"><value name=\"amount_l\"><block type=\"math_number\"><field name=\"NUM\">1</field></block></value><value name=\"amount_h\"><block type=\"math_number\"><field name=\"NUM\">64</field></block></value><value name=\"item\"><block type=\"mcitem_all\"><field name=\"value\">CUSTOM:LitVibrionGel</field></block></value><next><block type=\"advancement_trigger\" deletable=\"false\"></block></next></block></xml>"
  }
}