{
  "_fv": 39,
  "_type": "structure",
  "definition": {
    "structure": "natural_spore_blaster",
    "randomlyRotateStructure": true,
    "surfaceDetectionType": "First motion blocking block",
    "spawnProbability": 1000000,
    "minCountPerChunk": 16,
    "maxCountPerChunk": 16,
    "spawnLocation": "Underground",
    "spawnHeightOffset": 0,
    "spawnXOffset": 0,
    "spawnZOffset": 0,
    "spawnWorldTypes": [
      "Surface"
    ],
    "restrictionBlocks": [
      {
        "value": "CUSTOM:SubstiliumSoil"
      }
    ],
    "restrictionBiomes": [
      {
        "value": "CUSTOM:VibrionHive"
      }
    ],
    "ignoreBlocks": "STRUCTURE_BLOCK",
    "generateCondition": {
      "name": "NaturalSporeBlasterAdditionalGenerationCondition"
    },
    "onStructureGenerated": {
      "name": "HangingVibrionVinesGrowerStrOnGenerated"
    }
  }
}