{
  "_fv": 39,
  "_type": "structure",
  "definition": {
    "structure": "red_glowing_hickory_tree",
    "randomlyRotateStructure": false,
    "surfaceDetectionType": "First motion blocking block",
    "spawnProbability": 1000000,
    "minCountPerChunk": 1,
    "maxCountPerChunk": 1,
    "spawnLocation": "Ground",
    "spawnHeightOffset": 1,
    "spawnXOffset": -3,
    "spawnZOffset": -3,
    "spawnWorldTypes": [
      "Surface"
    ],
    "restrictionBlocks": [
      {
        "value": "Blocks.GRASS"
      }
    ],
    "restrictionBiomes": [
      {
        "value": "CUSTOM:GlowingHickoryForest"
      }
    ],
    "ignoreBlocks": "AIR_AND_STRUCTURE_BLOCK",
    "generateCondition": {
      "name": "HickoryTreeStrAdditionalGenerationCondition"
    }
  }
}