{
  "_fv": 39,
  "_type": "recipe",
  "definition": {
    "recipeType": "Stone cutting",
    "xpReward": 0.0,
    "cookingTime": 200,
    "recipeRetstackSize": 1,
    "group": "smooth_substilium_pressure_plate",
    "recipeShapeless": false,
    "stoneCuttingInputStack": {
      "value": "CUSTOM:SmoothSubstiliumSoil"
    },
    "stoneCuttingReturnStack": {
      "value": "CUSTOM:SmoothSubstiliumPressurePlate"
    },
    "name": "smooth_substilium_pressure_plate",
    "namespace": "mod"
  }
}