{
  "_fv": 39,
  "_type": "recipe",
  "definition": {
    "recipeType": "Crafting",
    "xpReward": 0.0,
    "cookingTime": 200,
    "recipeRetstackSize": 6,
    "group": "smooth_substilium_wall",
    "recipeShapeless": false,
    "recipeSlots": [
      {
        "value": ""
      },
      {
        "value": ""
      },
      {
        "value": ""
      },
      {
        "value": "CUSTOM:SmoothSubstiliumSoil"
      },
      {
        "value": "CUSTOM:SmoothSubstiliumSoil"
      },
      {
        "value": "CUSTOM:SmoothSubstiliumSoil"
      },
      {
        "value": "CUSTOM:SmoothSubstiliumSoil"
      },
      {
        "value": "CUSTOM:SmoothSubstiliumSoil"
      },
      {
        "value": "CUSTOM:SmoothSubstiliumSoil"
      }
    ],
    "recipeReturnStack": {
      "value": "CUSTOM:SmoothSubstiliumWall"
    },
    "name": "smooth_substilium_wall",
    "namespace": "mod"
  }
}