{
  "_fv": 39,
  "_type": "achievement",
  "definition": {
    "achievementName": "Spread 100",
    "achievementDescription": "Have the Contamination effect for the first time",
    "achievementIcon": {
      "value": "CUSTOM:VibrionSporeholder"
    },
    "background": "Default",
    "disableDisplay": false,
    "showPopup": true,
    "announceToChat": true,
    "hideIfNotCompleted": false,
    "rewardLoot": [],
    "rewardRecipes": [],
    "rewardFunction": "No function",
    "rewardXP": 10,
    "achievementType": "task",
    "parent": {
      "value": "CUSTOM:UnsafeHaven"
    },
    "triggerxml": "<xml xmlns=\"https://developers.google.com/blockly/xml\"><block type=\"custom_trigger\" x=\"22\" y=\"48\"><next><block type=\"advancement_trigger\" deletable=\"false\"></block></next></block></xml>"
  }
}