{
  "_fv": 39,
  "_type": "achievement",
  "definition": {
    "achievementName": "SubstiliumPlanksHidden1",
    "achievementDescription": "SubstiliumPlanksHidden1",
    "achievementIcon": {
      "value": "CUSTOM:SubstiliumPlanks"
    },
    "background": "Default",
    "disableDisplay": true,
    "showPopup": false,
    "announceToChat": false,
    "hideIfNotCompleted": false,
    "rewardLoot": [],
    "rewardRecipes": [
      "SubstiliumPlanksCraft",
      "SubstiliumPlanksCraft2",
      "SubstiliumBlockCraft",
      "SubstiliumStairsCraft",
      "SubstiliumSlabCraft",
      "SubstiliumFenceCraft",
      "SubstiliumFenceGateCraft",
      "SubstiliumDoorCraft",
      "SubstiliumTrapdoorCraft",
      "SubstiliumPressurePlateCraft",
      "SubstiliumButtonCraft"
    ],
    "rewardFunction": "No function",
    "rewardXP": 0,
    "achievementType": "task",
    "parent": {
      "value": "CUSTOM:WildWilderWildest"
    },
    "triggerxml": "<xml xmlns=\"https://developers.google.com/blockly/xml\"><block type=\"item_in_inventory\" x=\"31\" y=\"20\"><value name=\"amount_l\"><block type=\"math_number\"><field name=\"NUM\">1</field></block></value><value name=\"amount_h\"><block type=\"math_number\"><field name=\"NUM\">64</field></block></value><value name=\"item\"><block type=\"mcitem_all\"><field name=\"value\">CUSTOM:SubstiliumPlanks</field></block></value><next><block type=\"advancement_trigger\" deletable=\"false\"></block></next></block></xml>"
  }
}