{
	"credit": "Made by Gyula, with Blockbench",
	"textures": {
		"1": "wildaside:blocks/spore_blaster_top",
		"2": "wildaside:blocks/spore_blaster_base",
		"3": "wildaside:blocks/substilium_soil",
		"4": "wildaside:blocks/spore_blaster_middle",
		"particle": "wildaside:blocks/spore_blaster_top"
	},
	"elements": [
		{
			"name": "base",
			"from": [1, 1, 9],
			"to": [15, 15, 16],
			"faces": {
				"north": {"uv": [0, 0, 16, 16], "rotation": 180, "texture": "#3"},
				"east": {"uv": [0, 4, 16, 11], "rotation": 90, "texture": "#2"},
				"south": {"uv": [0, 0, 16, 16], "texture": "#3"},
				"west": {"uv": [0, 4, 16, 11], "rotation": 270, "texture": "#2"},
				"up": {"uv": [0, 4, 16, 11], "texture": "#2"},
				"down": {"uv": [0, 4, 16, 11], "rotation": 180, "texture": "#2"}
			}
		},
		{
			"name": "middle",
			"from": [5, 5, 4],
			"to": [11, 11, 9],
			"faces": {
				"north": {"uv": [5, 4, 11, 10], "rotation": 180, "texture": "#4"},
				"east": {"uv": [5, 11, 11, 16], "rotation": 90, "texture": "#4"},
				"south": {"uv": [0, 0, 6, 6], "texture": "#3"},
				"west": {"uv": [5, 11, 11, 16], "rotation": 270, "texture": "#4"},
				"up": {"uv": [5, 11, 11, 16], "texture": "#4"},
				"down": {"uv": [5, 11, 11, 16], "rotation": 180, "texture": "#4"}
			}
		},
		{
			"name": "top",
			"from": [2, 2, 2],
			"to": [3, 13, 9],
			"faces": {
				"north": {"uv": [0, 0, 1, 11], "rotation": 180, "texture": "#1"},
				"east": {"uv": [16, 9, 5, 16], "rotation": 90, "texture": "#1"},
				"south": {"uv": [0, 0, 1, 11], "texture": "#1"},
				"west": {"uv": [5, 9, 16, 16], "rotation": 270, "texture": "#1"},
				"up": {"uv": [5, 9, 6, 16], "texture": "#1"},
				"down": {"uv": [5, 9, 6, 16], "rotation": 180, "texture": "#1"}
			}
		},
		{
			"name": "top",
			"from": [13, 3, 2],
			"to": [14, 14, 9],
			"faces": {
				"north": {"uv": [0, 0, 1, 11], "rotation": 180, "texture": "#1"},
				"east": {"uv": [5, 9, 16, 16], "rotation": 90, "texture": "#1"},
				"south": {"uv": [0, 0, 1, 11], "texture": "#1"},
				"west": {"uv": [16, 9, 5, 16], "rotation": 270, "texture": "#1"},
				"up": {"uv": [5, 9, 6, 16], "texture": "#1"},
				"down": {"uv": [5, 9, 6, 16], "rotation": 180, "texture": "#1"}
			}
		},
		{
			"name": "top",
			"from": [2, 13, 2],
			"to": [13, 14, 9],
			"faces": {
				"north": {"uv": [0, 0, 1, 11], "rotation": 90, "texture": "#1"},
				"east": {"uv": [5, 9, 6, 16], "rotation": 90, "texture": "#1"},
				"south": {"uv": [0, 0, 1, 11], "rotation": 90, "texture": "#1"},
				"west": {"uv": [5, 9, 6, 16], "rotation": 270, "texture": "#1"},
				"up": {"uv": [5, 9, 16, 16], "texture": "#1"},
				"down": {"uv": [16, 9, 5, 16], "rotation": 180, "texture": "#1"}
			}
		},
		{
			"name": "top",
			"from": [3, 2, 2],
			"to": [14, 3, 9],
			"faces": {
				"north": {"uv": [0, 0, 1, 11], "rotation": 90, "texture": "#1"},
				"east": {"uv": [5, 9, 6, 16], "rotation": 90, "texture": "#1"},
				"south": {"uv": [0, 0, 1, 11], "rotation": 90, "texture": "#1"},
				"west": {"uv": [5, 9, 6, 16], "rotation": 270, "texture": "#1"},
				"up": {"uv": [16, 9, 5, 16], "texture": "#1"},
				"down": {"uv": [5, 9, 16, 16], "rotation": 180, "texture": "#1"}
			}
		}
	],
	"display": {
		"thirdperson_righthand": {
			"rotation": [90, 0, 0],
			"translation": [0, 0.5, -0.75],
			"scale": [0.3, 0.3, 0.3]
		},
		"thirdperson_lefthand": {
			"translation": [0, 0, -1.25],
			"scale": [0.3, 0.3, 0.3]
		},
		"firstperson_righthand": {
			"rotation": [80, 0, 0],
			"scale": [0.5, 0.5, 0.5]
		},
		"firstperson_lefthand": {
			"scale": [0.5, 0.5, 0.5]
		},
		"ground": {
			"rotation": [90, 0, 0],
			"translation": [0, 1.5, 0],
			"scale": [0.5, 0.5, 0.5]
		},
		"gui": {
			"rotation": [129, 0, 45],
			"translation": [0, 0.75, 0],
			"scale": [0.65, 0.65, 0.65]
		},
		"head": {
			"rotation": [80, 0, 0],
			"translation": [0, 11, -0.5]
		},
		"fixed": {
			"rotation": [32, 0, 0],
			"translation": [0, 2.25, -2.75]
		}
	}
}