{
  "_fv": 34,
  "_type": "achievement",
  "definition": {
    "achievementName": "Barrier Of Bacteria",
    "achievementDescription": "Obtain a Spore Blaster",
    "achievementIcon": {
      "value": "CUSTOM:SporeBlaster"
    },
    "background": "Default",
    "disableDisplay": false,
    "showPopup": true,
    "announceToChat": true,
    "hideIfNotCompleted": false,
    "rewardLoot": [],
    "rewardRecipes": [],
    "rewardFunction": "No function",
    "rewardXP": 10,
    "achievementType": "challenge",
    "parent": {
      "value": "CUSTOM:DangerousWarfare"
    },
    "triggerxml": "<xml xmlns=\"https://developers.google.com/blockly/xml\"><block type=\"item_in_inventory\" x=\"35\" y=\"21\"><value name=\"amount_l\"><block type=\"math_number\"><field name=\"NUM\">1</field></block></value><value name=\"amount_h\"><block type=\"math_number\"><field name=\"NUM\">64</field></block></value><value name=\"item\"><block type=\"mcitem_all\"><field name=\"value\">CUSTOM:SporeBlaster</field></block></value><next><block type=\"advancement_trigger\" deletable=\"false\"></block></next></block></xml>"
  }
}