{
  "_fv": 34,
  "_type": "gui",
  "definition": {
    "type": 1,
    "width": 176,
    "height": 200,
    "inventoryOffsetX": 0,
    "inventoryOffsetY": 17,
    "renderBgLayer": true,
    "doesPauseGame": false,
    "components": [
      {
        "type": "button",
        "data": {
          "text": "back",
          "onClick": {
            "name": "CreateButtonClicked"
          },
          "width": 56,
          "height": 20,
          "name": "back",
          "x": 221,
          "y": 107
        }
      },
      {
        "type": "inputslot",
        "data": {
          "inputLimit": {
            "value": ""
          },
          "color": {
            "value": -1388201,
            "falpha": 0.0
          },
          "id": 0,
          "disableStackInteraction": true,
          "dropItemsWhenNotBound": false,
          "name": "Slot #0",
          "x": 150,
          "y": 44
        }
      },
      {
        "type": "inputslot",
        "data": {
          "inputLimit": {
            "value": ""
          },
          "color": {
            "value": -1388201,
            "falpha": 0.0
          },
          "id": 1,
          "disableStackInteraction": true,
          "dropItemsWhenNotBound": false,
          "name": "Slot #1",
          "x": 168,
          "y": 44
        }
      },
      {
        "type": "inputslot",
        "data": {
          "inputLimit": {
            "value": ""
          },
          "color": {
            "value": -1388201,
            "falpha": 0.0
          },
          "id": 2,
          "disableStackInteraction": true,
          "dropItemsWhenNotBound": false,
          "name": "Slot #2",
          "x": 186,
          "y": 44
        }
      },
      {
        "type": "inputslot",
        "data": {
          "inputLimit": {
            "value": ""
          },
          "color": {
            "value": -1388201,
            "falpha": 0.0
          },
          "id": 3,
          "disableStackInteraction": true,
          "dropItemsWhenNotBound": false,
          "name": "Slot #3",
          "x": 150,
          "y": 62
        }
      },
      {
        "type": "inputslot",
        "data": {
          "inputLimit": {
            "value": ""
          },
          "color": {
            "value": -6598208,
            "falpha": 0.0
          },
          "id": 4,
          "disableStackInteraction": true,
          "dropItemsWhenNotBound": false,
          "name": "Slot #4",
          "x": 168,
          "y": 62
        }
      },
      {
        "type": "inputslot",
        "data": {
          "inputLimit": {
            "value": ""
          },
          "color": {
            "value": -1388201,
            "falpha": 0.0
          },
          "id": 5,
          "disableStackInteraction": true,
          "dropItemsWhenNotBound": false,
          "name": "Slot #5",
          "x": 186,
          "y": 62
        }
      },
      {
        "type": "inputslot",
        "data": {
          "inputLimit": {
            "value": ""
          },
          "color": {
            "value": -3611649,
            "falpha": 0.0
          },
          "id": 6,
          "disableStackInteraction": true,
          "dropItemsWhenNotBound": false,
          "name": "Slot #6",
          "x": 150,
          "y": 80
        }
      },
      {
        "type": "inputslot",
        "data": {
          "inputLimit": {
            "value": ""
          },
          "id": 7,
          "disableStackInteraction": true,
          "dropItemsWhenNotBound": false,
          "name": "Slot #7",
          "x": 168,
          "y": 80
        }
      },
      {
        "type": "inputslot",
        "data": {
          "inputLimit": {
            "value": ""
          },
          "color": {
            "value": -3611649,
            "falpha": 0.0
          },
          "id": 8,
          "disableStackInteraction": true,
          "dropItemsWhenNotBound": false,
          "name": "Slot #8",
          "x": 186,
          "y": 80
        }
      },
      {
        "type": "inputslot",
        "data": {
          "inputLimit": {
            "value": ""
          },
          "color": {
            "value": -6598208,
            "falpha": 0.0
          },
          "id": 9,
          "disableStackInteraction": true,
          "dropItemsWhenNotBound": false,
          "name": "Slot #9",
          "x": 150,
          "y": 98
        }
      },
      {
        "type": "inputslot",
        "data": {
          "inputLimit": {
            "value": ""
          },
          "id": 10,
          "disableStackInteraction": true,
          "dropItemsWhenNotBound": false,
          "name": "Slot #10",
          "x": 168,
          "y": 98
        }
      },
      {
        "type": "inputslot",
        "data": {
          "inputLimit": {
            "value": ""
          },
          "color": {
            "value": -6598208,
            "falpha": 0.0
          },
          "id": 11,
          "disableStackInteraction": true,
          "dropItemsWhenNotBound": false,
          "name": "Slot #11",
          "x": 186,
          "y": 98
        }
      },
      {
        "type": "inputslot",
        "data": {
          "inputLimit": {
            "value": ""
          },
          "color": {
            "value": -3611649,
            "falpha": 0.0
          },
          "id": 12,
          "disableStackInteraction": true,
          "dropItemsWhenNotBound": false,
          "name": "Slot #12",
          "x": 150,
          "y": 116
        }
      },
      {
        "type": "inputslot",
        "data": {
          "inputLimit": {
            "value": ""
          },
          "color": {
            "value": -3611649,
            "falpha": 0.0
          },
          "id": 13,
          "disableStackInteraction": true,
          "dropItemsWhenNotBound": false,
          "name": "Slot #13",
          "x": 186,
          "y": 116
        }
      },
      {
        "type": "inputslot",
        "data": {
          "inputLimit": {
            "value": ""
          },
          "color": {
            "value": -3611649,
            "falpha": 0.0
          },
          "id": 14,
          "disableStackInteraction": true,
          "dropItemsWhenNotBound": false,
          "name": "Slot #14",
          "x": 168,
          "y": 116
        }
      },
      {
        "type": "outputslot",
        "data": {
          "id": 15,
          "disableStackInteraction": true,
          "dropItemsWhenNotBound": false,
          "name": "Slot #15",
          "x": 240,
          "y": 80
        }
      },
      {
        "type": "label",
        "data": {
          "text": "Recipes",
          "color": {
            "value": -12829636,
            "falpha": 0.0
          },
          "name": "Recipes",
          "x": 195,
          "y": 26
        }
      },
      {
        "type": "image",
        "data": {
          "image": "arrow.png",
          "use1Xscale": false,
          "name": "arrow.png",
          "x": 213,
          "y": 81
        }
      },
      {
        "type": "button",
        "data": {
          "text": "<",
          "onClick": {
            "name": "PreviousPage"
          },
          "width": 30,
          "height": 20,
          "name": "<",
          "x": 217,
          "y": 53
        }
      },
      {
        "type": "button",
        "data": {
          "text": ">",
          "onClick": {
            "name": "NextPageProc"
          },
          "width": 30,
          "height": 20,
          "name": ">",
          "x": 251,
          "y": 53
        }
      }
    ],
    "gridSettings": {
      "sx": 18,
      "sy": 18,
      "ox": 11,
      "oy": 15,
      "snapOnGrid": false
    }
  }
}