{
  "_fv": 38,
  "_type": "achievement",
  "definition": {
    "achievementName": "Danger Eliminated",
    "achievementDescription": "Break a naturally spawned Spore Blaster",
    "achievementIcon": {
      "value": "CUSTOM:NaturalSporeBlaster"
    },
    "background": "Default",
    "disableDisplay": false,
    "showPopup": true,
    "announceToChat": true,
    "hideIfNotCompleted": false,
    "rewardLoot": [],
    "rewardRecipes": [],
    "rewardFunction": "No function",
    "rewardXP": 5,
    "achievementType": "task",
    "parent": {
      "value": "CUSTOM:UnsafeHaven"
    },
    "triggerxml": "<xml xmlns=\"https://developers.google.com/blockly/xml\"><block type=\"custom_trigger\" x=\"42\" y=\"33\"><next><block type=\"advancement_trigger\" deletable=\"false\"></block></next></block></xml>"
  }
}