{
  "_fv": 38,
  "_type": "animatedentity",
  "definition": {
    "mobName": "Ranged Vibrion Monster",
    "mobLabel": "",
    "mobModelTexture": "vibrion_monster.png",
    "mobModelGlowTexture": "",
    "modelWidth": 1.4000000000000001,
    "modelHeight": 2.4,
    "modelShadowSize": 0.8,
    "mountedYOffset": 0.0,
    "hasSpawnEgg": true,
    "spawnEggBaseColor": {
      "value": -10155038,
      "falpha": 0.0
    },
    "spawnEggDotColor": {
      "value": -329728,
      "falpha": 0.0
    },
    "creativeTab": {
      "value": "CUSTOM:WildAsideTab"
    },
    "isBoss": false,
    "bossBarColor": "PINK",
    "bossBarType": "PROGRESS",
    "equipmentMainHand": {
      "value": ""
    },
    "equipmentOffHand": {
      "value": ""
    },
    "equipmentHelmet": {
      "value": ""
    },
    "equipmentBody": {
      "value": ""
    },
    "equipmentLeggings": {
      "value": ""
    },
    "equipmentBoots": {
      "value": ""
    },
    "mobBehaviourType": "Mob",
    "mobCreatureType": "ILLAGER",
    "attackStrength": 6,
    "attackKnockback": 0.30000000000000004,
    "knockbackResistance": 0.1,
    "movementSpeed": 0.19999999999999998,
    "armorBaseValue": 0.19999999999999998,
    "trackingRange": 64,
    "followRange": 16,
    "health": 50,
    "xpAmount": 10,
    "waterMob": false,
    "flyingMob": false,
    "guiBoundTo": "<NONE>",
    "inventorySize": 9,
    "inventoryStackSize": 64,
    "deathTime": 20,
    "lerp": 2,
    "babyScale": 0.5,
    "disableCollisions": false,
    "ridable": false,
    "canControlForward": false,
    "canControlStrafe": false,
    "immuneToFire": true,
    "immuneToArrows": false,
    "immuneToFallDamage": false,
    "immuneToCactus": false,
    "immuneToDrowning": false,
    "immuneToLightning": true,
    "immuneToPotions": true,
    "immuneToPlayer": false,
    "immuneToExplosion": false,
    "immuneToTrident": false,
    "immuneToAnvil": false,
    "immuneToWither": true,
    "immuneToDragonBreath": true,
    "mobDrop": {
      "value": ""
    },
    "livingSound": {
      "value": ""
    },
    "hurtSound": {
      "value": "entity.generic.hurt"
    },
    "deathSound": {
      "value": "entity.generic.death"
    },
    "stepSound": {
      "value": ""
    },
    "whenMobFalls": {
      "name": "VibrionMonsterSpawnParticleAround"
    },
    "whenMobDies": {
      "name": "VibrionMonsterSpawnParticleAround"
    },
    "whenMobIsHurt": {
      "name": "VibrionMonsterSpawnParticleAround"
    },
    "onPlayerCollidesWith": {
      "name": "VibrionMonsterSpawnParticleAround"
    },
    "hasAI": true,
    "aiBase": "(none)",
    "aixml": "<xml xmlns=\"https://developers.google.com/blockly/xml\"><block type=\"aitasks_container\" deletable=\"false\" x=\"40\" y=\"40\"><next><block type=\"attack_entity\"><field name=\"insight\">FALSE</field><field name=\"nearby\">FALSE</field><field name=\"entity\">EntityPlayer</field><field name=\"condition\">null,null</field><next><block type=\"attack_on_collide\"><field name=\"speed\">1.2</field><field name=\"longmemory\">TRUE</field><field name=\"condition\">null,null</field><next><block type=\"attack_action\"><field name=\"callhelp\">TRUE</field><field name=\"condition\">null,null</field><next><block type=\"wander\"><field name=\"speed\">0.5</field><field name=\"condition\">null,null</field><next><block type=\"swim_in_water\"><field name=\"condition\">null,null</field><next><block type=\"look_around\"><field name=\"condition\">null,null</field></block></next></block></next></block></next></block></next></block></next></block></next></block></xml>",
    "model": "vibrion_monster",
    "groupName": "",
    "animation1": "animation.vibrion_monster.idle",
    "animation2": "animation.vibrion_monster.walk",
    "animation3": "",
    "animation4": "animation.vibrion_monster.attack",
    "animation5": "",
    "animation6": "",
    "animation7": "",
    "animation8": "",
    "animation9": "",
    "animation10": "",
    "enable2": true,
    "enable3": false,
    "enable4": true,
    "enable5": false,
    "enable6": false,
    "enable7": false,
    "enable8": false,
    "enable9": false,
    "enable10": false,
    "breedable": false,
    "tameable": false,
    "disableDeathRotation": false,
    "headMovement": false,
    "eyeHeight": true,
    "breedTriggerItems": [],
    "ranged": true,
    "rangedAttackItem": {
      "value": ""
    },
    "rangedItemType": "EntoriumSporebomb",
    "rangedAttackInterval": 20,
    "rangedAttackRadius": 10.0,
    "height": 2.1,
    "spawnThisMob": true,
    "doesDespawnWhenIdle": true,
    "spawningProbability": 10,
    "mobSpawningType": "monster",
    "minNumberOfMobsPerGroup": 2,
    "maxNumberOfMobsPerGroup": 3,
    "restrictionBiomes": [
      {
        "value": "CUSTOM:VibrionHive"
      }
    ],
    "spawnInDungeons": false
  }
}