{
  "_fv": 38,
  "_type": "achievement",
  "definition": {
    "achievementName": "Useful Finding",
    "achievementDescription": "Shear an Overgrown Substilium Soil block",
    "achievementIcon": {
      "value": "Items.SHEARS"
    },
    "background": "Default",
    "disableDisplay": false,
    "showPopup": true,
    "announceToChat": true,
    "hideIfNotCompleted": false,
    "rewardLoot": [],
    "rewardRecipes": [],
    "rewardFunction": "No function",
    "rewardXP": 5,
    "achievementType": "task",
    "parent": {
      "value": "CUSTOM:UnsafeHaven"
    },
    "triggerxml": "<xml xmlns=\"https://developers.google.com/blockly/xml\"><block type=\"custom_trigger\" x=\"45\" y=\"45\"><next><block type=\"advancement_trigger\" deletable=\"false\"></block></next></block></xml>"
  }
}