{
  "_fv": 34,
  "_type": "recipe",
  "definition": {
    "recipeType": "Crafting",
    "xpReward": 0.0,
    "cookingTime": 200,
    "recipeRetstackSize": 1,
    "group": "entorium_pill",
    "recipeShapeless": false,
    "recipeSlots": [
      {
        "value": ""
      },
      {
        "value": "Items.IRON_NUGGET"
      },
      {
        "value": "Items.FERMENTED_SPIDER_EYE"
      },
      {
        "value": "Items.IRON_NUGGET"
      },
      {
        "value": "CUSTOM:Entorium"
      },
      {
        "value": "Items.IRON_NUGGET"
      },
      {
        "value": ""
      },
      {
        "value": "Items.IRON_NUGGET"
      },
      {
        "value": ""
      }
    ],
    "recipeReturnStack": {
      "value": "CUSTOM:EntoriumPill"
    },
    "name": "entorium_pill",
    "namespace": "mod"
  }
}