{
  "_fv": 34,
  "_type": "biome",
  "definition": {
    "name": "Hickory Forest",
    "groundBlock": {
      "value": "Blocks.GRASS"
    },
    "undergroundBlock": {
      "value": "Blocks.DIRT#0"
    },
    "underwaterBlock": {
      "value": "Blocks.DIRT#1"
    },
    "grassColor": {
      "value": -13196533,
      "falpha": 0.0
    },
    "foliageColor": {
      "value": -13196533,
      "falpha": 0.0
    },
    "ambientSound": {
      "value": ""
    },
    "additionsSound": {
      "value": ""
    },
    "music": {
      "value": ""
    },
    "moodSound": {
      "value": ""
    },
    "moodSoundDelay": 6000,
    "spawnParticles": false,
    "particleToSpawn": {
      "value": "CUSTOM:VibrionParticle"
    },
    "particlesProbability": 0.5,
    "rainingPossibility": 0.5,
    "temperature": 0.5,
    "baseHeight": 0.2,
    "heightVariation": 0.30000000000000004,
    "spawnBiome": true,
    "spawnBiomeNether": false,
    "spawnInCaves": false,
    "biomeWeight": 20,
    "grassPerChunk": 12,
    "seagrassPerChunk": 0,
    "flowersPerChunk": 12,
    "mushroomsPerChunk": 0,
    "bigMushroomsChunk": 1,
    "sandPatchesPerChunk": 0,
    "gravelPatchesPerChunk": 0,
    "reedsPerChunk": 0,
    "cactiPerChunk": 0,
    "treesPerChunk": 0,
    "vanillaTreeType": "Default",
    "treeType": 0,
    "minHeight": 7,
    "treeStem": {
      "value": ""
    },
    "treeBranch": {
      "value": ""
    },
    "treeVines": {
      "value": ""
    },
    "treeFruits": {
      "value": ""
    },
    "spawnStronghold": false,
    "spawnMineshaft": false,
    "spawnMineshaftMesa": false,
    "spawnPillagerOutpost": true,
    "villageType": "plains",
    "spawnWoodlandMansion": false,
    "spawnJungleTemple": false,
    "spawnDesertPyramid": false,
    "spawnSwampHut": false,
    "spawnIgloo": false,
    "spawnOceanMonument": false,
    "spawnShipwreck": false,
    "spawnShipwreckBeached": false,
    "spawnBuriedTreasure": false,
    "oceanRuinType": "NONE",
    "spawnNetherBridge": false,
    "spawnNetherFossil": false,
    "spawnBastionRemnant": false,
    "spawnEndCity": false,
    "spawnRuinedPortal": "STANDARD",
    "defaultFeatures": [
      "Caves",
      "Ores",
      "TaigaLargeFerns",
      "TaigaRocks"
    ],
    "spawnEntries": []
  }
}