{
  "_fv": 34,
  "_type": "achievement",
  "definition": {
    "achievementName": "HickoryLogHidden1",
    "achievementDescription": "HickoryLogHidden1",
    "achievementIcon": {
      "value": "CUSTOM:HickoryLog"
    },
    "background": "Default",
    "disableDisplay": true,
    "showPopup": false,
    "announceToChat": false,
    "hideIfNotCompleted": false,
    "rewardLoot": [],
    "rewardRecipes": [
      "HickoryPlanksCraft",
      "HickoryPlanksCraft2",
      "HickoryBlockCraft",
      "HickoryStairsCraft",
      "HickorySlabCraft",
      "HickoryFenceCraft",
      "HickoryFenceGateCraft",
      "HickoryPressurePlateCraft",
      "HickoryButtonCraft"
    ],
    "rewardFunction": "No function",
    "rewardXP": 0,
    "achievementType": "task",
    "parent": {
      "value": "CUSTOM:WildWilderWildest"
    },
    "triggerxml": "<xml xmlns=\"https://developers.google.com/blockly/xml\"><block type=\"item_in_inventory\" x=\"39\" y=\"44\"><value name=\"amount_l\"><block type=\"math_number\"><field name=\"NUM\">1</field></block></value><value name=\"amount_h\"><block type=\"math_number\"><field name=\"NUM\">64</field></block></value><value name=\"item\"><block type=\"mcitem_all\"><field name=\"value\">CUSTOM:HickoryLog</field></block></value><next><block type=\"advancement_trigger\" deletable=\"false\"></block></next></block></xml>"
  }
}