{
  "_fv": 38,
  "_type": "structure",
  "definition": {
    "structure": "hanging_vibrion_vines_grower",
    "randomlyRotateStructure": false,
    "surfaceDetectionType": "First block",
    "spawnProbability": 1000000,
    "minCountPerChunk": 16,
    "maxCountPerChunk": 16,
    "spawnLocation": "Underground",
    "spawnHeightOffset": -1,
    "spawnXOffset": 0,
    "spawnZOffset": 0,
    "spawnWorldTypes": [
      "Surface"
    ],
    "restrictionBlocks": [],
    "restrictionBiomes": [
      {
        "value": "CUSTOM:VibrionHive"
      }
    ],
    "ignoreBlocks": "AIR_AND_STRUCTURE_BLOCK",
    "generateCondition": {
      "name": "HangingVibrionVinesGrowerStrCondition"
    },
    "onStructureGenerated": {
      "name": "HangingVibrionVinesGrowerStrOnGenerated"
    }
  }
}