{
  "_fv": 38,
  "_type": "achievement",
  "definition": {
    "achievementName": "Organic Building Materials",
    "achievementDescription": "Obtain a Compressed Substilium Soil block",
    "achievementIcon": {
      "value": "CUSTOM:CompressedSubstiliumSoil"
    },
    "background": "Default",
    "disableDisplay": false,
    "showPopup": true,
    "announceToChat": true,
    "hideIfNotCompleted": false,
    "rewardLoot": [],
    "rewardRecipes": [
      "CompressedSubstiliumSoilCraft",
      "SubstiliumTilesCraft",
      "SmoothSubstiliumSoilCraft",
      "ChiseledSubstiliumSoilCraft",
      "SubstiliumTileStairsCraft1",
      "SubstiliumTileSlabCraft1",
      "SubstiliumTileWallCraft1",
      "SubstiliumTilePressurePlateCraft1",
      "SubstiliumTileButtonCraft1",
      "SubstiliumTileStairsCraft2",
      "SubstiliumTileSlabCraft2",
      "SubstiliumTileWallCraft2",
      "SubstiliumTilePressurePlateCraft2",
      "SubstiliumTileButtonCraft2",
      "SmoothSubstiliumStairsCraft1",
      "SmoothSubstiliumSlabCraft1",
      "SmoothSubstiliumWallCraft1",
      "SmoothSubstiliumPressurePlateCraft1",
      "SmoothSubstiliumButtonCraft1",
      "SmoothSubstiliumStairsCraft2",
      "SmoothSubstiliumSlabCraft2",
      "SmoothSubstiliumWallCraft2",
      "SmoothSubstiliumPressurePlateCraft2",
      "SmoothSubstiliumButtonCraft2",
      "CrackedSubstiliumTilesCraft",
      "CrackedSubstiliumTilesCraft2",
      "CrackedSubstiliumTilesCraft3",
      "CrackedSubstiliumTileStairsCraft",
      "CrackedSubstiliumTileSlabCraft",
      "CrackedSubstiliumTileWallCraft",
      "CrackedSubstiliumTilePressurePlateCraft",
      "CrackedSubstiliumTileButtonCraft",
      "CrackedSubstiliumTileStairsCraft2",
      "CrackedSubstiliumTileSlabCraft2",
      "CrackedSubstiliumTileWallCraft2",
      "CrackedSubstiliumTilePressurePlateCraft2",
      "CrackedSubstiliumTileButtonCraft2",
      "CrackedSubstiliumTileStairsCraft3",
      "CrackedSubstiliumTileSlabCraft3",
      "CrackedSubstiliumTileWallCraft3",
      "CrackedSubstiliumTilePressurePlateCraft3",
      "CrackedSubstiliumTileButtonCraft3"
    ],
    "rewardFunction": "No function",
    "rewardXP": 6,
    "achievementType": "task",
    "parent": {
      "value": "CUSTOM:UnsafeHaven"
    },
    "triggerxml": "<xml xmlns=\"https://developers.google.com/blockly/xml\"><block type=\"item_in_inventory\" x=\"48\" y=\"39\"><value name=\"amount_l\"><block type=\"math_number\"><field name=\"NUM\">1</field></block></value><value name=\"amount_h\"><block type=\"math_number\"><field name=\"NUM\">64</field></block></value><value name=\"item\"><block type=\"mcitem_all\"><field name=\"value\">CUSTOM:CompressedSubstiliumSoil</field></block></value><next><block type=\"advancement_trigger\" deletable=\"false\"></block></next></block></xml>"
  }
}