{
  "display": {
    "icon": {
      "item": "wildaside:entorium_sporebomb"
    },
    "title": {
      "translate": "advancements.dangerous_warfare.title"
    },
    "description": {
      "translate": "advancements.dangerous_warfare.descr"
    },
    "frame": "task",
    "show_toast": true,
    "announce_to_chat": true,
    "hidden": false
  },
  "criteria": {
    "dangerous_warfare": {
      "trigger": "minecraft:impossible"
    }
  },
  "rewards": {
    "experience": 5
  },
  "parent": "wildaside:petrified_antibiotic"
}