{
  "display": {
    "icon": {
      "item": "wildaside:entorium"
    },
    "title": {
      "translate": "advancements.petrified_antibiotic.title"
    },
    "description": {
      "translate": "advancements.petrified_antibiotic.descr"
    },
    "frame": "task",
    "show_toast": true,
    "announce_to_chat": true,
    "hidden": false
  },
  "criteria": {
    "petrified_antibiotic": {
      "trigger": "minecraft:inventory_changed",
      "conditions": {
        "items": [
          {
            "items": [
              "wildaside:entorium"
            ],
            "count": {
              "min": 1,
              "max": 64
            }
          }
        ]
      }
    }
  },
  "rewards": {
    "experience": 5
  },
  "parent": "wildaside:useful_finding"
}