{
  "display": {
    "icon": {
      "item": "wildaside:substilium_soil"
    },
    "title": {
      "translate": "advancements.unsafe_haven.title"
    },
    "description": {
      "translate": "advancements.unsafe_haven.descr"
    },
    "frame": "goal",
    "show_toast": true,
    "announce_to_chat": true,
    "hidden": false
  },
  "criteria": {
    "unsafe_haven": {
      "trigger": "minecraft:location",
      "conditions": {
        "biome": "wildaside:vibrion_hive"
      }
    }
  },
  "rewards": {
    "experience": 10
  },
  "parent": "wildaside:wild_wilder_wildest"
}